ID,Station,DateTimeET,Parameter,Depth_m,FinalResult,Units,Probe_Type,UniqueID,DataSource,DataSourceID,ImportDate
1,302,2025-07-21T09:41:00Z,Water Temperature,0.563,25.646,Deg-C,YSI_EXO2,302_2025-07-21 09:41_0.563_TWA-C_4,HoldingPond_profiles_2025.xlsx_302_21July,1,2025-08-08
2,302,2025-07-21T09:41:00Z,Oxygen Saturation,0.563,90.8,%,YSI_EXO2,302_2025-07-21 09:41_0.563_LDOs_4,HoldingPond_profiles_2025.xlsx_302_21July,2,2025-08-08
3,302,2025-07-21T09:41:00Z,Dissolved Oxygen,0.563,7.41,mg/L,YSI_EXO2,302_2025-07-21 09:41_0.563_LDOd_4,HoldingPond_profiles_2025.xlsx_302_21July,3,2025-08-08
4,302,2025-07-21T09:41:00Z,Specific Conductance,0.563,99.5,uS/cm,YSI_EXO2,302_2025-07-21 09:41_0.563_SPCD_4,HoldingPond_profiles_2025.xlsx_302_21July,4,2025-08-08
5,302,2025-07-21T09:41:00Z,pH,0.563,6.62,pH,YSI_EXO2,302_2025-07-21 09:41_0.563_pH_4,HoldingPond_profiles_2025.xlsx_302_21July,5,2025-08-08
6,302,2025-07-21T09:41:00Z,Turbidity FNU,0.563,0.31,FNU,YSI_EXO2,302_2025-07-21 09:41_0.563_TUR-FNU_4,HoldingPond_profiles_2025.xlsx_302_21July,6,2025-08-08
7,302,2025-07-21T09:41:00Z,Blue Green Algae RFU,0.563,-0.03,RFU,YSI_EXO2,302_2025-07-21 09:41_0.563_BGA-PC-RFU_4,HoldingPond_profiles_2025.xlsx_302_21July,7,2025-08-08
8,302,2025-07-21T09:41:00Z,Blue Green Algae,0.563,0.04,ug/L,YSI_EXO2,302_2025-07-21 09:41_0.563_BGA-PC_4,HoldingPond_profiles_2025.xlsx_302_21July,8,2025-08-08
9,302,2025-07-21T09:41:00Z,Chlorophyll RFU,0.563,0.38,RFU,YSI_EXO2,302_2025-07-21 09:41_0.563_Chl-RFU_4,HoldingPond_profiles_2025.xlsx_302_21July,9,2025-08-08
10,302,2025-07-21T09:41:00Z,Chlorophyll,0.563,1.73,ug/L,YSI_EXO2,302_2025-07-21 09:41_0.563_Chl_4,HoldingPond_profiles_2025.xlsx_302_21July,10,2025-08-08
11,302,2025-07-21T09:42:00Z,Water Temperature,1.01,25.644,Deg-C,YSI_EXO2,302_2025-07-21 09:42_1.01_TWA-C_4,HoldingPond_profiles_2025.xlsx_302_21July,11,2025-08-08
12,302,2025-07-21T09:42:00Z,Oxygen Saturation,1.01,90.4,%,YSI_EXO2,302_2025-07-21 09:42_1.01_LDOs_4,HoldingPond_profiles_2025.xlsx_302_21July,12,2025-08-08
13,302,2025-07-21T09:42:00Z,Dissolved Oxygen,1.01,7.38,mg/L,YSI_EXO2,302_2025-07-21 09:42_1.01_LDOd_4,HoldingPond_profiles_2025.xlsx_302_21July,13,2025-08-08
14,302,2025-07-21T09:42:00Z,Specific Conductance,1.01,99.5,uS/cm,YSI_EXO2,302_2025-07-21 09:42_1.01_SPCD_4,HoldingPond_profiles_2025.xlsx_302_21July,14,2025-08-08
15,302,2025-07-21T09:42:00Z,pH,1.01,6.7,pH,YSI_EXO2,302_2025-07-21 09:42_1.01_pH_4,HoldingPond_profiles_2025.xlsx_302_21July,15,2025-08-08
16,302,2025-07-21T09:42:00Z,Turbidity FNU,1.01,0.3,FNU,YSI_EXO2,302_2025-07-21 09:42_1.01_TUR-FNU_4,HoldingPond_profiles_2025.xlsx_302_21July,16,2025-08-08
17,302,2025-07-21T09:42:00Z,Blue Green Algae RFU,1.01,-0.04,RFU,YSI_EXO2,302_2025-07-21 09:42_1.01_BGA-PC-RFU_4,HoldingPond_profiles_2025.xlsx_302_21July,17,2025-08-08
18,302,2025-07-21T09:42:00Z,Blue Green Algae,1.01,0.03,ug/L,YSI_EXO2,302_2025-07-21 09:42_1.01_BGA-PC_4,HoldingPond_profiles_2025.xlsx_302_21July,18,2025-08-08
19,302,2025-07-21T09:42:00Z,Chlorophyll RFU,1.01,0.37,RFU,YSI_EXO2,302_2025-07-21 09:42_1.01_Chl-RFU_4,HoldingPond_profiles_2025.xlsx_302_21July,19,2025-08-08
20,302,2025-07-21T09:42:00Z,Chlorophyll,1.01,1.71,ug/L,YSI_EXO2,302_2025-07-21 09:42_1.01_Chl_4,HoldingPond_profiles_2025.xlsx_302_21July,20,2025-08-08
21,302,2025-07-21T09:44:00Z,Water Temperature,1.539,25.602,Deg-C,YSI_EXO2,302_2025-07-21 09:44_1.539_TWA-C_4,HoldingPond_profiles_2025.xlsx_302_21July,21,2025-08-08
22,302,2025-07-21T09:44:00Z,Oxygen Saturation,1.539,89.7,%,YSI_EXO2,302_2025-07-21 09:44_1.539_LDOs_4,HoldingPond_profiles_2025.xlsx_302_21July,22,2025-08-08
23,302,2025-07-21T09:44:00Z,Dissolved Oxygen,1.539,7.33,mg/L,YSI_EXO2,302_2025-07-21 09:44_1.539_LDOd_4,HoldingPond_profiles_2025.xlsx_302_21July,23,2025-08-08
24,302,2025-07-21T09:44:00Z,Specific Conductance,1.539,99.8,uS/cm,YSI_EXO2,302_2025-07-21 09:44_1.539_SPCD_4,HoldingPond_profiles_2025.xlsx_302_21July,24,2025-08-08
25,302,2025-07-21T09:44:00Z,pH,1.539,6.71,pH,YSI_EXO2,302_2025-07-21 09:44_1.539_pH_4,HoldingPond_profiles_2025.xlsx_302_21July,25,2025-08-08
26,302,2025-07-21T09:44:00Z,Turbidity FNU,1.539,0.29,FNU,YSI_EXO2,302_2025-07-21 09:44_1.539_TUR-FNU_4,HoldingPond_profiles_2025.xlsx_302_21July,26,2025-08-08
27,302,2025-07-21T09:44:00Z,Blue Green Algae RFU,1.539,-0.06,RFU,YSI_EXO2,302_2025-07-21 09:44_1.539_BGA-PC-RFU_4,HoldingPond_profiles_2025.xlsx_302_21July,27,2025-08-08
28,302,2025-07-21T09:44:00Z,Blue Green Algae,1.539,0,ug/L,YSI_EXO2,302_2025-07-21 09:44_1.539_BGA-PC_4,HoldingPond_profiles_2025.xlsx_302_21July,28,2025-08-08
29,302,2025-07-21T09:44:00Z,Chlorophyll RFU,1.539,0.38,RFU,YSI_EXO2,302_2025-07-21 09:44_1.539_Chl-RFU_4,HoldingPond_profiles_2025.xlsx_302_21July,29,2025-08-08
30,302,2025-07-21T09:44:00Z,Chlorophyll,1.539,1.73,ug/L,YSI_EXO2,302_2025-07-21 09:44_1.539_Chl_4,HoldingPond_profiles_2025.xlsx_302_21July,30,2025-08-08
31,302,2025-07-21T09:46:00Z,Water Temperature,2.005,24.167,Deg-C,YSI_EXO2,302_2025-07-21 09:46_2.005_TWA-C_4,HoldingPond_profiles_2025.xlsx_302_21July,31,2025-08-08
32,302,2025-07-21T09:46:00Z,Oxygen Saturation,2.005,66.6,%,YSI_EXO2,302_2025-07-21 09:46_2.005_LDOs_4,HoldingPond_profiles_2025.xlsx_302_21July,32,2025-08-08
33,302,2025-07-21T09:46:00Z,Dissolved Oxygen,2.005,5.59,mg/L,YSI_EXO2,302_2025-07-21 09:46_2.005_LDOd_4,HoldingPond_profiles_2025.xlsx_302_21July,33,2025-08-08
34,302,2025-07-21T09:46:00Z,Specific Conductance,2.005,104.5,uS/cm,YSI_EXO2,302_2025-07-21 09:46_2.005_SPCD_4,HoldingPond_profiles_2025.xlsx_302_21July,34,2025-08-08
35,302,2025-07-21T09:46:00Z,pH,2.005,6.29,pH,YSI_EXO2,302_2025-07-21 09:46_2.005_pH_4,HoldingPond_profiles_2025.xlsx_302_21July,35,2025-08-08
36,302,2025-07-21T09:46:00Z,Turbidity FNU,2.005,0.49,FNU,YSI_EXO2,302_2025-07-21 09:46_2.005_TUR-FNU_4,HoldingPond_profiles_2025.xlsx_302_21July,36,2025-08-08
37,302,2025-07-21T09:46:00Z,Blue Green Algae RFU,2.005,-0.04,RFU,YSI_EXO2,302_2025-07-21 09:46_2.005_BGA-PC-RFU_4,HoldingPond_profiles_2025.xlsx_302_21July,37,2025-08-08
38,302,2025-07-21T09:46:00Z,Blue Green Algae,2.005,0.03,ug/L,YSI_EXO2,302_2025-07-21 09:46_2.005_BGA-PC_4,HoldingPond_profiles_2025.xlsx_302_21July,38,2025-08-08
39,302,2025-07-21T09:46:00Z,Chlorophyll RFU,2.005,0.52,RFU,YSI_EXO2,302_2025-07-21 09:46_2.005_Chl-RFU_4,HoldingPond_profiles_2025.xlsx_302_21July,39,2025-08-08
40,302,2025-07-21T09:46:00Z,Chlorophyll,2.005,2.29,ug/L,YSI_EXO2,302_2025-07-21 09:46_2.005_Chl_4,HoldingPond_profiles_2025.xlsx_302_21July,40,2025-08-08
41,302,2025-07-21T09:48:00Z,Water Temperature,2.493,21.032,Deg-C,YSI_EXO2,302_2025-07-21 09:48_2.493_TWA-C_4,HoldingPond_profiles_2025.xlsx_302_21July,41,2025-08-08
42,302,2025-07-21T09:48:00Z,Oxygen Saturation,2.493,49.3,%,YSI_EXO2,302_2025-07-21 09:48_2.493_LDOs_4,HoldingPond_profiles_2025.xlsx_302_21July,42,2025-08-08
43,302,2025-07-21T09:48:00Z,Dissolved Oxygen,2.493,4.39,mg/L,YSI_EXO2,302_2025-07-21 09:48_2.493_LDOd_4,HoldingPond_profiles_2025.xlsx_302_21July,43,2025-08-08
44,302,2025-07-21T09:48:00Z,Specific Conductance,2.493,89.9,uS/cm,YSI_EXO2,302_2025-07-21 09:48_2.493_SPCD_4,HoldingPond_profiles_2025.xlsx_302_21July,44,2025-08-08
45,302,2025-07-21T09:48:00Z,pH,2.493,5.82,pH,YSI_EXO2,302_2025-07-21 09:48_2.493_pH_4,HoldingPond_profiles_2025.xlsx_302_21July,45,2025-08-08
46,302,2025-07-21T09:48:00Z,Turbidity FNU,2.493,0.35,FNU,YSI_EXO2,302_2025-07-21 09:48_2.493_TUR-FNU_4,HoldingPond_profiles_2025.xlsx_302_21July,46,2025-08-08
47,302,2025-07-21T09:48:00Z,Blue Green Algae RFU,2.493,0.1,RFU,YSI_EXO2,302_2025-07-21 09:48_2.493_BGA-PC-RFU_4,HoldingPond_profiles_2025.xlsx_302_21July,47,2025-08-08
48,302,2025-07-21T09:48:00Z,Blue Green Algae,2.493,0.16,ug/L,YSI_EXO2,302_2025-07-21 09:48_2.493_BGA-PC_4,HoldingPond_profiles_2025.xlsx_302_21July,48,2025-08-08
49,302,2025-07-21T09:48:00Z,Chlorophyll RFU,2.493,0.55,RFU,YSI_EXO2,302_2025-07-21 09:48_2.493_Chl-RFU_4,HoldingPond_profiles_2025.xlsx_302_21July,49,2025-08-08
50,302,2025-07-21T09:48:00Z,Chlorophyll,2.493,2.41,ug/L,YSI_EXO2,302_2025-07-21 09:48_2.493_Chl_4,HoldingPond_profiles_2025.xlsx_302_21July,50,2025-08-08
51,302,2025-07-21T09:50:00Z,Water Temperature,2.959,18.261,Deg-C,YSI_EXO2,302_2025-07-21 09:50_2.959_TWA-C_4,HoldingPond_profiles_2025.xlsx_302_21July,51,2025-08-08
52,302,2025-07-21T09:50:00Z,Oxygen Saturation,2.959,40.3,%,YSI_EXO2,302_2025-07-21 09:50_2.959_LDOs_4,HoldingPond_profiles_2025.xlsx_302_21July,52,2025-08-08
53,302,2025-07-21T09:50:00Z,Dissolved Oxygen,2.959,3.79,mg/L,YSI_EXO2,302_2025-07-21 09:50_2.959_LDOd_4,HoldingPond_profiles_2025.xlsx_302_21July,53,2025-08-08
54,302,2025-07-21T09:50:00Z,Specific Conductance,2.959,79.3,uS/cm,YSI_EXO2,302_2025-07-21 09:50_2.959_SPCD_4,HoldingPond_profiles_2025.xlsx_302_21July,54,2025-08-08
55,302,2025-07-21T09:50:00Z,pH,2.959,5.45,pH,YSI_EXO2,302_2025-07-21 09:50_2.959_pH_4,HoldingPond_profiles_2025.xlsx_302_21July,55,2025-08-08
56,302,2025-07-21T09:50:00Z,Turbidity FNU,2.959,0.43,FNU,YSI_EXO2,302_2025-07-21 09:50_2.959_TUR-FNU_4,HoldingPond_profiles_2025.xlsx_302_21July,56,2025-08-08
57,302,2025-07-21T09:50:00Z,Blue Green Algae RFU,2.959,-0.03,RFU,YSI_EXO2,302_2025-07-21 09:50_2.959_BGA-PC-RFU_4,HoldingPond_profiles_2025.xlsx_302_21July,57,2025-08-08
58,302,2025-07-21T09:50:00Z,Blue Green Algae,2.959,0.04,ug/L,YSI_EXO2,302_2025-07-21 09:50_2.959_BGA-PC_4,HoldingPond_profiles_2025.xlsx_302_21July,58,2025-08-08
59,302,2025-07-21T09:50:00Z,Chlorophyll RFU,2.959,0.55,RFU,YSI_EXO2,302_2025-07-21 09:50_2.959_Chl-RFU_4,HoldingPond_profiles_2025.xlsx_302_21July,59,2025-08-08
60,302,2025-07-21T09:50:00Z,Chlorophyll,2.959,2.4,ug/L,YSI_EXO2,302_2025-07-21 09:50_2.959_Chl_4,HoldingPond_profiles_2025.xlsx_302_21July,60,2025-08-08
61,302,2025-07-21T09:52:00Z,Water Temperature,3.526,15.641,Deg-C,YSI_EXO2,302_2025-07-21 09:52_3.526_TWA-C_4,HoldingPond_profiles_2025.xlsx_302_21July,61,2025-08-08
62,302,2025-07-21T09:52:00Z,Oxygen Saturation,3.526,33.6,%,YSI_EXO2,302_2025-07-21 09:52_3.526_LDOs_4,HoldingPond_profiles_2025.xlsx_302_21July,62,2025-08-08
63,302,2025-07-21T09:52:00Z,Dissolved Oxygen,3.526,3.34,mg/L,YSI_EXO2,302_2025-07-21 09:52_3.526_LDOd_4,HoldingPond_profiles_2025.xlsx_302_21July,63,2025-08-08
64,302,2025-07-21T09:52:00Z,Specific Conductance,3.526,76.7,uS/cm,YSI_EXO2,302_2025-07-21 09:52_3.526_SPCD_4,HoldingPond_profiles_2025.xlsx_302_21July,64,2025-08-08
65,302,2025-07-21T09:52:00Z,pH,3.526,5.47,pH,YSI_EXO2,302_2025-07-21 09:52_3.526_pH_4,HoldingPond_profiles_2025.xlsx_302_21July,65,2025-08-08
66,302,2025-07-21T09:52:00Z,Turbidity FNU,3.526,0.77,FNU,YSI_EXO2,302_2025-07-21 09:52_3.526_TUR-FNU_4,HoldingPond_profiles_2025.xlsx_302_21July,66,2025-08-08
67,302,2025-07-21T09:52:00Z,Blue Green Algae RFU,3.526,0.31,RFU,YSI_EXO2,302_2025-07-21 09:52_3.526_BGA-PC-RFU_4,HoldingPond_profiles_2025.xlsx_302_21July,67,2025-08-08
68,302,2025-07-21T09:52:00Z,Blue Green Algae,3.526,0.37,ug/L,YSI_EXO2,302_2025-07-21 09:52_3.526_BGA-PC_4,HoldingPond_profiles_2025.xlsx_302_21July,68,2025-08-08
69,302,2025-07-21T09:52:00Z,Chlorophyll RFU,3.526,0.59,RFU,YSI_EXO2,302_2025-07-21 09:52_3.526_Chl-RFU_4,HoldingPond_profiles_2025.xlsx_302_21July,69,2025-08-08
70,302,2025-07-21T09:52:00Z,Chlorophyll,3.526,2.56,ug/L,YSI_EXO2,302_2025-07-21 09:52_3.526_Chl_4,HoldingPond_profiles_2025.xlsx_302_21July,70,2025-08-08
71,302,2025-07-21T09:54:00Z,Water Temperature,3.932,13.817,Deg-C,YSI_EXO2,302_2025-07-21 09:54_3.932_TWA-C_4,HoldingPond_profiles_2025.xlsx_302_21July,71,2025-08-08
72,302,2025-07-21T09:54:00Z,Oxygen Saturation,3.932,37.4,%,YSI_EXO2,302_2025-07-21 09:54_3.932_LDOs_4,HoldingPond_profiles_2025.xlsx_302_21July,72,2025-08-08
73,302,2025-07-21T09:54:00Z,Dissolved Oxygen,3.932,3.87,mg/L,YSI_EXO2,302_2025-07-21 09:54_3.932_LDOd_4,HoldingPond_profiles_2025.xlsx_302_21July,73,2025-08-08
74,302,2025-07-21T09:54:00Z,Specific Conductance,3.932,75.9,uS/cm,YSI_EXO2,302_2025-07-21 09:54_3.932_SPCD_4,HoldingPond_profiles_2025.xlsx_302_21July,74,2025-08-08
75,302,2025-07-21T09:54:00Z,pH,3.932,5.51,pH,YSI_EXO2,302_2025-07-21 09:54_3.932_pH_4,HoldingPond_profiles_2025.xlsx_302_21July,75,2025-08-08
76,302,2025-07-21T09:54:00Z,Turbidity FNU,3.932,0.46,FNU,YSI_EXO2,302_2025-07-21 09:54_3.932_TUR-FNU_4,HoldingPond_profiles_2025.xlsx_302_21July,76,2025-08-08
77,302,2025-07-21T09:54:00Z,Blue Green Algae RFU,3.932,0.31,RFU,YSI_EXO2,302_2025-07-21 09:54_3.932_BGA-PC-RFU_4,HoldingPond_profiles_2025.xlsx_302_21July,77,2025-08-08
78,302,2025-07-21T09:54:00Z,Blue Green Algae,3.932,0.37,ug/L,YSI_EXO2,302_2025-07-21 09:54_3.932_BGA-PC_4,HoldingPond_profiles_2025.xlsx_302_21July,78,2025-08-08
79,302,2025-07-21T09:54:00Z,Chlorophyll RFU,3.932,0.52,RFU,YSI_EXO2,302_2025-07-21 09:54_3.932_Chl-RFU_4,HoldingPond_profiles_2025.xlsx_302_21July,79,2025-08-08
80,302,2025-07-21T09:54:00Z,Chlorophyll,3.932,2.28,ug/L,YSI_EXO2,302_2025-07-21 09:54_3.932_Chl_4,HoldingPond_profiles_2025.xlsx_302_21July,80,2025-08-08
81,302,2025-07-21T09:57:00Z,Water Temperature,4.503,11.89,Deg-C,YSI_EXO2,302_2025-07-21 09:57_4.503_TWA-C_4,HoldingPond_profiles_2025.xlsx_302_21July,81,2025-08-08
82,302,2025-07-21T09:57:00Z,Oxygen Saturation,4.503,24.4,%,YSI_EXO2,302_2025-07-21 09:57_4.503_LDOs_4,HoldingPond_profiles_2025.xlsx_302_21July,82,2025-08-08
83,302,2025-07-21T09:57:00Z,Dissolved Oxygen,4.503,2.64,mg/L,YSI_EXO2,302_2025-07-21 09:57_4.503_LDOd_4,HoldingPond_profiles_2025.xlsx_302_21July,83,2025-08-08
84,302,2025-07-21T09:57:00Z,Specific Conductance,4.503,79.6,uS/cm,YSI_EXO2,302_2025-07-21 09:57_4.503_SPCD_4,HoldingPond_profiles_2025.xlsx_302_21July,84,2025-08-08
85,302,2025-07-21T09:57:00Z,pH,4.503,5.5,pH,YSI_EXO2,302_2025-07-21 09:57_4.503_pH_4,HoldingPond_profiles_2025.xlsx_302_21July,85,2025-08-08
86,302,2025-07-21T09:57:00Z,Turbidity FNU,4.503,1.1,FNU,YSI_EXO2,302_2025-07-21 09:57_4.503_TUR-FNU_4,HoldingPond_profiles_2025.xlsx_302_21July,86,2025-08-08
87,302,2025-07-21T09:57:00Z,Blue Green Algae RFU,4.503,0.34,RFU,YSI_EXO2,302_2025-07-21 09:57_4.503_BGA-PC-RFU_4,HoldingPond_profiles_2025.xlsx_302_21July,87,2025-08-08
88,302,2025-07-21T09:57:00Z,Blue Green Algae,4.503,0.4,ug/L,YSI_EXO2,302_2025-07-21 09:57_4.503_BGA-PC_4,HoldingPond_profiles_2025.xlsx_302_21July,88,2025-08-08
89,302,2025-07-21T09:57:00Z,Chlorophyll RFU,4.503,0.41,RFU,YSI_EXO2,302_2025-07-21 09:57_4.503_Chl-RFU_4,HoldingPond_profiles_2025.xlsx_302_21July,89,2025-08-08
90,302,2025-07-21T09:57:00Z,Chlorophyll,4.503,1.87,ug/L,YSI_EXO2,302_2025-07-21 09:57_4.503_Chl_4,HoldingPond_profiles_2025.xlsx_302_21July,90,2025-08-08
91,302,2025-07-21T10:00:00Z,Water Temperature,4.984,10.756,Deg-C,YSI_EXO2,302_2025-07-21 10:00_4.984_TWA-C_4,HoldingPond_profiles_2025.xlsx_302_21July,91,2025-08-08
92,302,2025-07-21T10:00:00Z,Oxygen Saturation,4.984,4.2,%,YSI_EXO2,302_2025-07-21 10:00_4.984_LDOs_4,HoldingPond_profiles_2025.xlsx_302_21July,92,2025-08-08
93,302,2025-07-21T10:00:00Z,Dissolved Oxygen,4.984,0.47,mg/L,YSI_EXO2,302_2025-07-21 10:00_4.984_LDOd_4,HoldingPond_profiles_2025.xlsx_302_21July,93,2025-08-08
94,302,2025-07-21T10:00:00Z,Specific Conductance,4.984,87.7,uS/cm,YSI_EXO2,302_2025-07-21 10:00_4.984_SPCD_4,HoldingPond_profiles_2025.xlsx_302_21July,94,2025-08-08
95,302,2025-07-21T10:00:00Z,pH,4.984,5.59,pH,YSI_EXO2,302_2025-07-21 10:00_4.984_pH_4,HoldingPond_profiles_2025.xlsx_302_21July,95,2025-08-08
96,302,2025-07-21T10:00:00Z,Turbidity FNU,4.984,1.98,FNU,YSI_EXO2,302_2025-07-21 10:00_4.984_TUR-FNU_4,HoldingPond_profiles_2025.xlsx_302_21July,96,2025-08-08
97,302,2025-07-21T10:00:00Z,Blue Green Algae RFU,4.984,0.61,RFU,YSI_EXO2,302_2025-07-21 10:00_4.984_BGA-PC-RFU_4,HoldingPond_profiles_2025.xlsx_302_21July,97,2025-08-08
98,302,2025-07-21T10:00:00Z,Blue Green Algae,4.984,0.67,ug/L,YSI_EXO2,302_2025-07-21 10:00_4.984_BGA-PC_4,HoldingPond_profiles_2025.xlsx_302_21July,98,2025-08-08
99,302,2025-07-21T10:00:00Z,Chlorophyll RFU,4.984,0.35,RFU,YSI_EXO2,302_2025-07-21 10:00_4.984_Chl-RFU_4,HoldingPond_profiles_2025.xlsx_302_21July,99,2025-08-08
100,302,2025-07-21T10:00:00Z,Chlorophyll,4.984,1.63,ug/L,YSI_EXO2,302_2025-07-21 10:00_4.984_Chl_4,HoldingPond_profiles_2025.xlsx_302_21July,100,2025-08-08
101,302,2025-01-10T13:21:00Z,Water Temperature,-0.055,3.046,Deg-C,YSI_EXO2,302_2025-01-10 13:21_-0.055_TWA-C_4,HoldingPond_profiles_2025.xlsx_302_10Jan,1,2025-08-08
102,302,2025-01-10T13:21:00Z,Oxygen Saturation,-0.055,91.8,%,YSI_EXO2,302_2025-01-10 13:21_-0.055_LDOs_4,HoldingPond_profiles_2025.xlsx_302_10Jan,2,2025-08-08
103,302,2025-01-10T13:21:00Z,Dissolved Oxygen,-0.055,12.35,mg/L,YSI_EXO2,302_2025-01-10 13:21_-0.055_LDOd_4,HoldingPond_profiles_2025.xlsx_302_10Jan,3,2025-08-08
104,302,2025-01-10T13:21:00Z,Specific Conductance,-0.055,76.1,uS/cm,YSI_EXO2,302_2025-01-10 13:21_-0.055_SPCD_4,HoldingPond_profiles_2025.xlsx_302_10Jan,4,2025-08-08
105,302,2025-01-10T13:21:00Z,pH,-0.055,6.38,pH,YSI_EXO2,302_2025-01-10 13:21_-0.055_pH_4,HoldingPond_profiles_2025.xlsx_302_10Jan,5,2025-08-08
106,302,2025-01-10T13:21:00Z,Turbidity FNU,-0.055,0.66,FNU,YSI_EXO2,302_2025-01-10 13:21_-0.055_TUR-FNU_4,HoldingPond_profiles_2025.xlsx_302_10Jan,6,2025-08-08
107,302,2025-01-10T13:21:00Z,Blue Green Algae RFU,-0.055,0.73,RFU,YSI_EXO2,302_2025-01-10 13:21_-0.055_BGA-PC-RFU_4,HoldingPond_profiles_2025.xlsx_302_10Jan,7,2025-08-08
108,302,2025-01-10T13:21:00Z,Blue Green Algae,-0.055,0.75,ug/L,YSI_EXO2,302_2025-01-10 13:21_-0.055_BGA-PC_4,HoldingPond_profiles_2025.xlsx_302_10Jan,8,2025-08-08
109,302,2025-01-10T13:21:00Z,Chlorophyll RFU,-0.055,0.72,RFU,YSI_EXO2,302_2025-01-10 13:21_-0.055_Chl-RFU_4,HoldingPond_profiles_2025.xlsx_302_10Jan,9,2025-08-08
110,302,2025-01-10T13:21:00Z,Chlorophyll,-0.055,2.94,ug/L,YSI_EXO2,302_2025-01-10 13:21_-0.055_Chl_4,HoldingPond_profiles_2025.xlsx_302_10Jan,10,2025-08-08
111,302,2025-01-10T13:22:00Z,Water Temperature,-0.043,3.066,Deg-C,YSI_EXO2,302_2025-01-10 13:22_-0.043_TWA-C_4,HoldingPond_profiles_2025.xlsx_302_10Jan,11,2025-08-08
112,302,2025-01-10T13:22:00Z,Oxygen Saturation,-0.043,91.8,%,YSI_EXO2,302_2025-01-10 13:22_-0.043_LDOs_4,HoldingPond_profiles_2025.xlsx_302_10Jan,12,2025-08-08
113,302,2025-01-10T13:22:00Z,Dissolved Oxygen,-0.043,12.34,mg/L,YSI_EXO2,302_2025-01-10 13:22_-0.043_LDOd_4,HoldingPond_profiles_2025.xlsx_302_10Jan,13,2025-08-08
114,302,2025-01-10T13:22:00Z,Specific Conductance,-0.043,76.2,uS/cm,YSI_EXO2,302_2025-01-10 13:22_-0.043_SPCD_4,HoldingPond_profiles_2025.xlsx_302_10Jan,14,2025-08-08
115,302,2025-01-10T13:22:00Z,pH,-0.043,6.15,pH,YSI_EXO2,302_2025-01-10 13:22_-0.043_pH_4,HoldingPond_profiles_2025.xlsx_302_10Jan,15,2025-08-08
116,302,2025-01-10T13:22:00Z,Turbidity FNU,-0.043,0.67,FNU,YSI_EXO2,302_2025-01-10 13:22_-0.043_TUR-FNU_4,HoldingPond_profiles_2025.xlsx_302_10Jan,16,2025-08-08
117,302,2025-01-10T13:22:00Z,Blue Green Algae RFU,-0.043,0.72,RFU,YSI_EXO2,302_2025-01-10 13:22_-0.043_BGA-PC-RFU_4,HoldingPond_profiles_2025.xlsx_302_10Jan,17,2025-08-08
118,302,2025-01-10T13:22:00Z,Blue Green Algae,-0.043,0.74,ug/L,YSI_EXO2,302_2025-01-10 13:22_-0.043_BGA-PC_4,HoldingPond_profiles_2025.xlsx_302_10Jan,18,2025-08-08
119,302,2025-01-10T13:22:00Z,Chlorophyll RFU,-0.043,0.69,RFU,YSI_EXO2,302_2025-01-10 13:22_-0.043_Chl-RFU_4,HoldingPond_profiles_2025.xlsx_302_10Jan,19,2025-08-08
120,302,2025-01-10T13:22:00Z,Chlorophyll,-0.043,2.84,ug/L,YSI_EXO2,302_2025-01-10 13:22_-0.043_Chl_4,HoldingPond_profiles_2025.xlsx_302_10Jan,20,2025-08-08
251,301,2025-05-15T13:25:00Z,Water Temperature,0.476,18.08,Deg-C,YSI_EXO2,301_2025-05-15 13:25_0.476_TWA-C_4,HoldingPond_profiles_2025.xlsx_301_15May,1,2025-08-08
252,301,2025-05-15T13:25:00Z,Oxygen Saturation,0.476,99.8,%,YSI_EXO2,301_2025-05-15 13:25_0.476_LDOs_4,HoldingPond_profiles_2025.xlsx_301_15May,2,2025-08-08
253,301,2025-05-15T13:25:00Z,Dissolved Oxygen,0.476,9.43,mg/L,YSI_EXO2,301_2025-05-15 13:25_0.476_LDOd_4,HoldingPond_profiles_2025.xlsx_301_15May,3,2025-08-08
254,301,2025-05-15T13:25:00Z,Specific Conductance,0.476,59.6,uS/cm,YSI_EXO2,301_2025-05-15 13:25_0.476_SPCD_4,HoldingPond_profiles_2025.xlsx_301_15May,4,2025-08-08
255,301,2025-05-15T13:25:00Z,pH,0.476,6.34,pH,YSI_EXO2,301_2025-05-15 13:25_0.476_pH_4,HoldingPond_profiles_2025.xlsx_301_15May,5,2025-08-08
256,301,2025-05-15T13:25:00Z,Turbidity FNU,0.476,0.79,FNU,YSI_EXO2,301_2025-05-15 13:25_0.476_TUR-FNU_4,HoldingPond_profiles_2025.xlsx_301_15May,6,2025-08-08
257,301,2025-05-15T13:25:00Z,Blue Green Algae RFU,0.476,0.17,RFU,YSI_EXO2,301_2025-05-15 13:25_0.476_BGA-PC-RFU_4,HoldingPond_profiles_2025.xlsx_301_15May,7,2025-08-08
258,301,2025-05-15T13:25:00Z,Blue Green Algae,0.476,0.18,ug/L,YSI_EXO2,301_2025-05-15 13:25_0.476_BGA-PC_4,HoldingPond_profiles_2025.xlsx_301_15May,8,2025-08-08
259,301,2025-05-15T13:25:00Z,Chlorophyll RFU,0.476,1.2,RFU,YSI_EXO2,301_2025-05-15 13:25_0.476_Chl-RFU_4,HoldingPond_profiles_2025.xlsx_301_15May,9,2025-08-08
260,301,2025-05-15T13:25:00Z,Chlorophyll,0.476,4.84,ug/L,YSI_EXO2,301_2025-05-15 13:25_0.476_Chl_4,HoldingPond_profiles_2025.xlsx_301_15May,10,2025-08-08
261,301,2025-05-15T13:26:00Z,Water Temperature,0.967,17.515,Deg-C,YSI_EXO2,301_2025-05-15 13:26_0.967_TWA-C_4,HoldingPond_profiles_2025.xlsx_301_15May,11,2025-08-08
262,301,2025-05-15T13:26:00Z,Oxygen Saturation,0.967,97.1,%,YSI_EXO2,301_2025-05-15 13:26_0.967_LDOs_4,HoldingPond_profiles_2025.xlsx_301_15May,12,2025-08-08
263,301,2025-05-15T13:26:00Z,Dissolved Oxygen,0.967,9.28,mg/L,YSI_EXO2,301_2025-05-15 13:26_0.967_LDOd_4,HoldingPond_profiles_2025.xlsx_301_15May,13,2025-08-08
264,301,2025-05-15T13:26:00Z,Specific Conductance,0.967,59.2,uS/cm,YSI_EXO2,301_2025-05-15 13:26_0.967_SPCD_4,HoldingPond_profiles_2025.xlsx_301_15May,14,2025-08-08
265,301,2025-05-15T13:26:00Z,pH,0.967,6.36,pH,YSI_EXO2,301_2025-05-15 13:26_0.967_pH_4,HoldingPond_profiles_2025.xlsx_301_15May,15,2025-08-08
266,301,2025-05-15T13:26:00Z,Turbidity FNU,0.967,0.67,FNU,YSI_EXO2,301_2025-05-15 13:26_0.967_TUR-FNU_4,HoldingPond_profiles_2025.xlsx_301_15May,16,2025-08-08
267,301,2025-05-15T13:26:00Z,Blue Green Algae RFU,0.967,0.17,RFU,YSI_EXO2,301_2025-05-15 13:26_0.967_BGA-PC-RFU_4,HoldingPond_profiles_2025.xlsx_301_15May,17,2025-08-08
268,301,2025-05-15T13:26:00Z,Blue Green Algae,0.967,0.17,ug/L,YSI_EXO2,301_2025-05-15 13:26_0.967_BGA-PC_4,HoldingPond_profiles_2025.xlsx_301_15May,18,2025-08-08
269,301,2025-05-15T13:26:00Z,Chlorophyll RFU,0.967,1.15,RFU,YSI_EXO2,301_2025-05-15 13:26_0.967_Chl-RFU_4,HoldingPond_profiles_2025.xlsx_301_15May,19,2025-08-08
270,301,2025-05-15T13:26:00Z,Chlorophyll,0.967,4.65,ug/L,YSI_EXO2,301_2025-05-15 13:26_0.967_Chl_4,HoldingPond_profiles_2025.xlsx_301_15May,20,2025-08-08
271,301,2025-05-15T13:27:00Z,Water Temperature,1.45,17.195,Deg-C,YSI_EXO2,301_2025-05-15 13:27_1.45_TWA-C_4,HoldingPond_profiles_2025.xlsx_301_15May,21,2025-08-08
272,301,2025-05-15T13:27:00Z,Oxygen Saturation,1.45,95.7,%,YSI_EXO2,301_2025-05-15 13:27_1.45_LDOs_4,HoldingPond_profiles_2025.xlsx_301_15May,22,2025-08-08
273,301,2025-05-15T13:27:00Z,Dissolved Oxygen,1.45,9.21,mg/L,YSI_EXO2,301_2025-05-15 13:27_1.45_LDOd_4,HoldingPond_profiles_2025.xlsx_301_15May,23,2025-08-08
274,301,2025-05-15T13:27:00Z,Specific Conductance,1.45,58.9,uS/cm,YSI_EXO2,301_2025-05-15 13:27_1.45_SPCD_4,HoldingPond_profiles_2025.xlsx_301_15May,24,2025-08-08
275,301,2025-05-15T13:27:00Z,pH,1.45,6.36,pH,YSI_EXO2,301_2025-05-15 13:27_1.45_pH_4,HoldingPond_profiles_2025.xlsx_301_15May,25,2025-08-08
276,301,2025-05-15T13:27:00Z,Turbidity FNU,1.45,0.65,FNU,YSI_EXO2,301_2025-05-15 13:27_1.45_TUR-FNU_4,HoldingPond_profiles_2025.xlsx_301_15May,26,2025-08-08
277,301,2025-05-15T13:27:00Z,Blue Green Algae RFU,1.45,0.11,RFU,YSI_EXO2,301_2025-05-15 13:27_1.45_BGA-PC-RFU_4,HoldingPond_profiles_2025.xlsx_301_15May,27,2025-08-08
278,301,2025-05-15T13:27:00Z,Blue Green Algae,1.45,0.12,ug/L,YSI_EXO2,301_2025-05-15 13:27_1.45_BGA-PC_4,HoldingPond_profiles_2025.xlsx_301_15May,28,2025-08-08
121,301,2025-01-10T11:35:00Z,Water Temperature,0.084,2.308,Deg-C,YSI_EXO2,301_2025-01-10 11:35_0.084_TWA-C_4,HoldingPond_profiles_2025.xlsx_301_10Jan,1,2025-08-08
122,301,2025-01-10T11:35:00Z,Oxygen Saturation,0.084,87.6,%,YSI_EXO2,301_2025-01-10 11:35_0.084_LDOs_4,HoldingPond_profiles_2025.xlsx_301_10Jan,2,2025-08-08
123,301,2025-01-10T11:35:00Z,Dissolved Oxygen,0.084,12.01,mg/L,YSI_EXO2,301_2025-01-10 11:35_0.084_LDOd_4,HoldingPond_profiles_2025.xlsx_301_10Jan,3,2025-08-08
124,301,2025-01-10T11:35:00Z,Specific Conductance,0.084,64.1,uS/cm,YSI_EXO2,301_2025-01-10 11:35_0.084_SPCD_4,HoldingPond_profiles_2025.xlsx_301_10Jan,4,2025-08-08
125,301,2025-01-10T11:35:00Z,pH,0.084,7.03,pH,YSI_EXO2,301_2025-01-10 11:35_0.084_pH_4,HoldingPond_profiles_2025.xlsx_301_10Jan,5,2025-08-08
126,301,2025-01-10T11:35:00Z,Turbidity FNU,0.084,0.96,FNU,YSI_EXO2,301_2025-01-10 11:35_0.084_TUR-FNU_4,HoldingPond_profiles_2025.xlsx_301_10Jan,6,2025-08-08
127,301,2025-01-10T11:35:00Z,Blue Green Algae RFU,0.084,0.7,RFU,YSI_EXO2,301_2025-01-10 11:35_0.084_BGA-PC-RFU_4,HoldingPond_profiles_2025.xlsx_301_10Jan,7,2025-08-08
128,301,2025-01-10T11:35:00Z,Blue Green Algae,0.084,0.72,ug/L,YSI_EXO2,301_2025-01-10 11:35_0.084_BGA-PC_4,HoldingPond_profiles_2025.xlsx_301_10Jan,8,2025-08-08
129,301,2025-01-10T11:35:00Z,Chlorophyll RFU,0.084,0.53,RFU,YSI_EXO2,301_2025-01-10 11:35_0.084_Chl-RFU_4,HoldingPond_profiles_2025.xlsx_301_10Jan,9,2025-08-08
130,301,2025-01-10T11:35:00Z,Chlorophyll,0.084,2.17,ug/L,YSI_EXO2,301_2025-01-10 11:35_0.084_Chl_4,HoldingPond_profiles_2025.xlsx_301_10Jan,10,2025-08-08
279,301,2025-05-15T13:27:00Z,Chlorophyll RFU,1.45,0.84,RFU,YSI_EXO2,301_2025-05-15 13:27_1.45_Chl-RFU_4,HoldingPond_profiles_2025.xlsx_301_15May,29,2025-08-08
280,301,2025-05-15T13:27:00Z,Chlorophyll,1.45,3.41,ug/L,YSI_EXO2,301_2025-05-15 13:27_1.45_Chl_4,HoldingPond_profiles_2025.xlsx_301_15May,30,2025-08-08
281,301,2025-05-15T13:28:00Z,Water Temperature,1.972,16.723,Deg-C,YSI_EXO2,301_2025-05-15 13:28_1.972_TWA-C_4,HoldingPond_profiles_2025.xlsx_301_15May,31,2025-08-08
282,301,2025-05-15T13:28:00Z,Oxygen Saturation,1.972,93.5,%,YSI_EXO2,301_2025-05-15 13:28_1.972_LDOs_4,HoldingPond_profiles_2025.xlsx_301_15May,32,2025-08-08
283,301,2025-05-15T13:28:00Z,Dissolved Oxygen,1.972,9.09,mg/L,YSI_EXO2,301_2025-05-15 13:28_1.972_LDOd_4,HoldingPond_profiles_2025.xlsx_301_15May,33,2025-08-08
284,301,2025-05-15T13:28:00Z,Specific Conductance,1.972,59.1,uS/cm,YSI_EXO2,301_2025-05-15 13:28_1.972_SPCD_4,HoldingPond_profiles_2025.xlsx_301_15May,34,2025-08-08
285,301,2025-05-15T13:28:00Z,pH,1.972,6.32,pH,YSI_EXO2,301_2025-05-15 13:28_1.972_pH_4,HoldingPond_profiles_2025.xlsx_301_15May,35,2025-08-08
286,301,2025-05-15T13:28:00Z,Turbidity FNU,1.972,0.66,FNU,YSI_EXO2,301_2025-05-15 13:28_1.972_TUR-FNU_4,HoldingPond_profiles_2025.xlsx_301_15May,36,2025-08-08
287,301,2025-05-15T13:28:00Z,Blue Green Algae RFU,1.972,0.11,RFU,YSI_EXO2,301_2025-05-15 13:28_1.972_BGA-PC-RFU_4,HoldingPond_profiles_2025.xlsx_301_15May,37,2025-08-08
288,301,2025-05-15T13:28:00Z,Blue Green Algae,1.972,0.12,ug/L,YSI_EXO2,301_2025-05-15 13:28_1.972_BGA-PC_4,HoldingPond_profiles_2025.xlsx_301_15May,38,2025-08-08
289,301,2025-05-15T13:28:00Z,Chlorophyll RFU,1.972,0.72,RFU,YSI_EXO2,301_2025-05-15 13:28_1.972_Chl-RFU_4,HoldingPond_profiles_2025.xlsx_301_15May,39,2025-08-08
290,301,2025-05-15T13:28:00Z,Chlorophyll,1.972,2.9,ug/L,YSI_EXO2,301_2025-05-15 13:28_1.972_Chl_4,HoldingPond_profiles_2025.xlsx_301_15May,40,2025-08-08
291,301,2025-05-15T13:29:00Z,Water Temperature,2.488,16.198,Deg-C,YSI_EXO2,301_2025-05-15 13:29_2.488_TWA-C_4,HoldingPond_profiles_2025.xlsx_301_15May,41,2025-08-08
292,301,2025-05-15T13:29:00Z,Oxygen Saturation,2.488,90.8,%,YSI_EXO2,301_2025-05-15 13:29_2.488_LDOs_4,HoldingPond_profiles_2025.xlsx_301_15May,42,2025-08-08
293,301,2025-05-15T13:29:00Z,Dissolved Oxygen,2.488,8.92,mg/L,YSI_EXO2,301_2025-05-15 13:29_2.488_LDOd_4,HoldingPond_profiles_2025.xlsx_301_15May,43,2025-08-08
294,301,2025-05-15T13:29:00Z,Specific Conductance,2.488,59.7,uS/cm,YSI_EXO2,301_2025-05-15 13:29_2.488_SPCD_4,HoldingPond_profiles_2025.xlsx_301_15May,44,2025-08-08
295,301,2025-05-15T13:29:00Z,pH,2.488,6.26,pH,YSI_EXO2,301_2025-05-15 13:29_2.488_pH_4,HoldingPond_profiles_2025.xlsx_301_15May,45,2025-08-08
296,301,2025-05-15T13:29:00Z,Turbidity FNU,2.488,0.66,FNU,YSI_EXO2,301_2025-05-15 13:29_2.488_TUR-FNU_4,HoldingPond_profiles_2025.xlsx_301_15May,46,2025-08-08
297,301,2025-05-15T13:29:00Z,Blue Green Algae RFU,2.488,0.03,RFU,YSI_EXO2,301_2025-05-15 13:29_2.488_BGA-PC-RFU_4,HoldingPond_profiles_2025.xlsx_301_15May,47,2025-08-08
298,301,2025-05-15T13:29:00Z,Blue Green Algae,2.488,0.04,ug/L,YSI_EXO2,301_2025-05-15 13:29_2.488_BGA-PC_4,HoldingPond_profiles_2025.xlsx_301_15May,48,2025-08-08
299,301,2025-05-15T13:29:00Z,Chlorophyll RFU,2.488,0.55,RFU,YSI_EXO2,301_2025-05-15 13:29_2.488_Chl-RFU_4,HoldingPond_profiles_2025.xlsx_301_15May,49,2025-08-08
300,301,2025-05-15T13:29:00Z,Chlorophyll,2.488,2.24,ug/L,YSI_EXO2,301_2025-05-15 13:29_2.488_Chl_4,HoldingPond_profiles_2025.xlsx_301_15May,50,2025-08-08
301,301,2025-05-15T13:30:00Z,Water Temperature,2.994,15.752,Deg-C,YSI_EXO2,301_2025-05-15 13:30_2.994_TWA-C_4,HoldingPond_profiles_2025.xlsx_301_15May,51,2025-08-08
302,301,2025-05-15T13:30:00Z,Oxygen Saturation,2.994,87.9,%,YSI_EXO2,301_2025-05-15 13:30_2.994_LDOs_4,HoldingPond_profiles_2025.xlsx_301_15May,52,2025-08-08
303,301,2025-05-15T13:30:00Z,Dissolved Oxygen,2.994,8.72,mg/L,YSI_EXO2,301_2025-05-15 13:30_2.994_LDOd_4,HoldingPond_profiles_2025.xlsx_301_15May,53,2025-08-08
304,301,2025-05-15T13:30:00Z,Specific Conductance,2.994,59.7,uS/cm,YSI_EXO2,301_2025-05-15 13:30_2.994_SPCD_4,HoldingPond_profiles_2025.xlsx_301_15May,54,2025-08-08
305,301,2025-05-15T13:30:00Z,pH,2.994,6.21,pH,YSI_EXO2,301_2025-05-15 13:30_2.994_pH_4,HoldingPond_profiles_2025.xlsx_301_15May,55,2025-08-08
306,301,2025-05-15T13:30:00Z,Turbidity FNU,2.994,0.69,FNU,YSI_EXO2,301_2025-05-15 13:30_2.994_TUR-FNU_4,HoldingPond_profiles_2025.xlsx_301_15May,56,2025-08-08
307,301,2025-05-15T13:30:00Z,Blue Green Algae RFU,2.994,0.07,RFU,YSI_EXO2,301_2025-05-15 13:30_2.994_BGA-PC-RFU_4,HoldingPond_profiles_2025.xlsx_301_15May,57,2025-08-08
308,301,2025-05-15T13:30:00Z,Blue Green Algae,2.994,0.08,ug/L,YSI_EXO2,301_2025-05-15 13:30_2.994_BGA-PC_4,HoldingPond_profiles_2025.xlsx_301_15May,58,2025-08-08
309,301,2025-05-15T13:30:00Z,Chlorophyll RFU,2.994,0.57,RFU,YSI_EXO2,301_2025-05-15 13:30_2.994_Chl-RFU_4,HoldingPond_profiles_2025.xlsx_301_15May,59,2025-08-08
310,301,2025-05-15T13:30:00Z,Chlorophyll,2.994,2.32,ug/L,YSI_EXO2,301_2025-05-15 13:30_2.994_Chl_4,HoldingPond_profiles_2025.xlsx_301_15May,60,2025-08-08
881,LP3,2025-05-08T10:29:00Z,Water Temperature,0.471,16.495,Deg-C,YSI_EXO2,LP3_2025-05-08 10:29_0.471_TWA-C_4,LongPond_profiles_2025.xlsx_2025-05_lp3,1,2025-08-08
882,LP3,2025-05-08T10:29:00Z,Oxygen Saturation,0.471,98.8,%,YSI_EXO2,LP3_2025-05-08 10:29_0.471_LDOs_4,LongPond_profiles_2025.xlsx_2025-05_lp3,2,2025-08-08
883,LP3,2025-05-08T10:29:00Z,Dissolved Oxygen,0.471,9.65,mg/L,YSI_EXO2,LP3_2025-05-08 10:29_0.471_LDOd_4,LongPond_profiles_2025.xlsx_2025-05_lp3,3,2025-08-08
884,LP3,2025-05-08T10:29:00Z,Specific Conductance,0.471,150.4,uS/cm,YSI_EXO2,LP3_2025-05-08 10:29_0.471_SPCD_4,LongPond_profiles_2025.xlsx_2025-05_lp3,4,2025-08-08
885,LP3,2025-05-08T10:29:00Z,pH,0.471,6.53,pH,YSI_EXO2,LP3_2025-05-08 10:29_0.471_pH_4,LongPond_profiles_2025.xlsx_2025-05_lp3,5,2025-08-08
886,LP3,2025-05-08T10:29:00Z,Turbidity FNU,0.471,0.43,FNU,YSI_EXO2,LP3_2025-05-08 10:29_0.471_TUR-FNU_4,LongPond_profiles_2025.xlsx_2025-05_lp3,6,2025-08-08
887,LP3,2025-05-08T10:29:00Z,Blue Green Algae RFU,0.471,0.01,RFU,YSI_EXO2,LP3_2025-05-08 10:29_0.471_BGA-PC-RFU_4,LongPond_profiles_2025.xlsx_2025-05_lp3,7,2025-08-08
888,LP3,2025-05-08T10:29:00Z,Blue Green Algae,0.471,0.03,ug/L,YSI_EXO2,LP3_2025-05-08 10:29_0.471_BGA-PC_4,LongPond_profiles_2025.xlsx_2025-05_lp3,8,2025-08-08
131,302,2025-02-25T11:36:00Z,Water Temperature,-0.026,1.217,Deg-C,YSI_EXO2,302_2025-02-25 11:36_-0.026_TWA-C_4,HoldingPond_profiles_2025.xlsx_302_25Feb,1,2025-08-08
132,302,2025-02-25T11:36:00Z,Oxygen Saturation,-0.026,81.5,%,YSI_EXO2,302_2025-02-25 11:36_-0.026_LDOs_4,HoldingPond_profiles_2025.xlsx_302_25Feb,2,2025-08-08
133,302,2025-02-25T11:36:00Z,Dissolved Oxygen,-0.026,11.52,mg/L,YSI_EXO2,302_2025-02-25 11:36_-0.026_LDOd_4,HoldingPond_profiles_2025.xlsx_302_25Feb,3,2025-08-08
134,302,2025-02-25T11:36:00Z,Specific Conductance,-0.026,106.1,uS/cm,YSI_EXO2,302_2025-02-25 11:36_-0.026_SPCD_4,HoldingPond_profiles_2025.xlsx_302_25Feb,4,2025-08-08
135,302,2025-02-25T11:36:00Z,pH,-0.026,7.1,pH,YSI_EXO2,302_2025-02-25 11:36_-0.026_pH_4,HoldingPond_profiles_2025.xlsx_302_25Feb,5,2025-08-08
136,302,2025-02-25T11:36:00Z,Turbidity FNU,-0.026,1.25,FNU,YSI_EXO2,302_2025-02-25 11:36_-0.026_TUR-FNU_4,HoldingPond_profiles_2025.xlsx_302_25Feb,6,2025-08-08
137,302,2025-02-25T11:36:00Z,Blue Green Algae RFU,-0.026,0.8,RFU,YSI_EXO2,302_2025-02-25 11:36_-0.026_BGA-PC-RFU_4,HoldingPond_profiles_2025.xlsx_302_25Feb,7,2025-08-08
138,302,2025-02-25T11:36:00Z,Blue Green Algae,-0.026,0.79,ug/L,YSI_EXO2,302_2025-02-25 11:36_-0.026_BGA-PC_4,HoldingPond_profiles_2025.xlsx_302_25Feb,8,2025-08-08
139,302,2025-02-25T11:36:00Z,Chlorophyll RFU,-0.026,0.74,RFU,YSI_EXO2,302_2025-02-25 11:36_-0.026_Chl-RFU_4,HoldingPond_profiles_2025.xlsx_302_25Feb,9,2025-08-08
140,302,2025-02-25T11:36:00Z,Chlorophyll,-0.026,3.04,ug/L,YSI_EXO2,302_2025-02-25 11:36_-0.026_Chl_4,HoldingPond_profiles_2025.xlsx_302_25Feb,10,2025-08-08
141,301,2025-04-15T13:45:00Z,Water Temperature,0.543,9.853,Deg-C,YSI_EXO2,301_2025-04-15 13:45_0.543_TWA-C_4,HoldingPond_profiles_2025.xlsx_301_15Apr,1,2025-08-08
142,301,2025-04-15T13:45:00Z,Oxygen Saturation,0.543,97,%,YSI_EXO2,301_2025-04-15 13:45_0.543_LDOs_4,HoldingPond_profiles_2025.xlsx_301_15Apr,2,2025-08-08
143,301,2025-04-15T13:45:00Z,Dissolved Oxygen,0.543,10.99,mg/L,YSI_EXO2,301_2025-04-15 13:45_0.543_LDOd_4,HoldingPond_profiles_2025.xlsx_301_15Apr,3,2025-08-08
144,301,2025-04-15T13:45:00Z,Specific Conductance,0.543,61.2,uS/cm,YSI_EXO2,301_2025-04-15 13:45_0.543_SPCD_4,HoldingPond_profiles_2025.xlsx_301_15Apr,4,2025-08-08
145,301,2025-04-15T13:45:00Z,pH,0.543,7.32,pH,YSI_EXO2,301_2025-04-15 13:45_0.543_pH_4,HoldingPond_profiles_2025.xlsx_301_15Apr,5,2025-08-08
146,301,2025-04-15T13:45:00Z,Turbidity FNU,0.543,0.58,FNU,YSI_EXO2,301_2025-04-15 13:45_0.543_TUR-FNU_4,HoldingPond_profiles_2025.xlsx_301_15Apr,6,2025-08-08
147,301,2025-04-15T13:45:00Z,Blue Green Algae RFU,0.543,0.22,RFU,YSI_EXO2,301_2025-04-15 13:45_0.543_BGA-PC-RFU_4,HoldingPond_profiles_2025.xlsx_301_15Apr,7,2025-08-08
148,301,2025-04-15T13:45:00Z,Blue Green Algae,0.543,0.22,ug/L,YSI_EXO2,301_2025-04-15 13:45_0.543_BGA-PC_4,HoldingPond_profiles_2025.xlsx_301_15Apr,8,2025-08-08
149,301,2025-04-15T13:45:00Z,Chlorophyll RFU,0.543,0.75,RFU,YSI_EXO2,301_2025-04-15 13:45_0.543_Chl-RFU_4,HoldingPond_profiles_2025.xlsx_301_15Apr,9,2025-08-08
150,301,2025-04-15T13:45:00Z,Chlorophyll,0.543,2.85,ug/L,YSI_EXO2,301_2025-04-15 13:45_0.543_Chl_4,HoldingPond_profiles_2025.xlsx_301_15Apr,10,2025-08-08
151,301,2025-04-15T13:46:00Z,Water Temperature,0.974,9.579,Deg-C,YSI_EXO2,301_2025-04-15 13:46_0.974_TWA-C_4,HoldingPond_profiles_2025.xlsx_301_15Apr,11,2025-08-08
152,301,2025-04-15T13:46:00Z,Water Temperature,1.576,9.069,Deg-C,YSI_EXO2,301_2025-04-15 13:46_1.576_TWA-C_4,HoldingPond_profiles_2025.xlsx_301_15Apr,12,2025-08-08
153,301,2025-04-15T13:46:00Z,Oxygen Saturation,0.974,97.4,%,YSI_EXO2,301_2025-04-15 13:46_0.974_LDOs_4,HoldingPond_profiles_2025.xlsx_301_15Apr,13,2025-08-08
154,301,2025-04-15T13:46:00Z,Oxygen Saturation,1.576,96.4,%,YSI_EXO2,301_2025-04-15 13:46_1.576_LDOs_4,HoldingPond_profiles_2025.xlsx_301_15Apr,14,2025-08-08
155,301,2025-04-15T13:46:00Z,Dissolved Oxygen,0.974,11.1,mg/L,YSI_EXO2,301_2025-04-15 13:46_0.974_LDOd_4,HoldingPond_profiles_2025.xlsx_301_15Apr,15,2025-08-08
156,301,2025-04-15T13:46:00Z,Dissolved Oxygen,1.576,11.12,mg/L,YSI_EXO2,301_2025-04-15 13:46_1.576_LDOd_4,HoldingPond_profiles_2025.xlsx_301_15Apr,16,2025-08-08
157,301,2025-04-15T13:46:00Z,Specific Conductance,0.974,60.9,uS/cm,YSI_EXO2,301_2025-04-15 13:46_0.974_SPCD_4,HoldingPond_profiles_2025.xlsx_301_15Apr,17,2025-08-08
158,301,2025-04-15T13:46:00Z,Specific Conductance,1.576,61.1,uS/cm,YSI_EXO2,301_2025-04-15 13:46_1.576_SPCD_4,HoldingPond_profiles_2025.xlsx_301_15Apr,18,2025-08-08
159,301,2025-04-15T13:46:00Z,pH,0.974,7.18,pH,YSI_EXO2,301_2025-04-15 13:46_0.974_pH_4,HoldingPond_profiles_2025.xlsx_301_15Apr,19,2025-08-08
160,301,2025-04-15T13:46:00Z,pH,1.576,7.06,pH,YSI_EXO2,301_2025-04-15 13:46_1.576_pH_4,HoldingPond_profiles_2025.xlsx_301_15Apr,20,2025-08-08
161,301,2025-04-15T13:46:00Z,Turbidity FNU,0.974,0.62,FNU,YSI_EXO2,301_2025-04-15 13:46_0.974_TUR-FNU_4,HoldingPond_profiles_2025.xlsx_301_15Apr,21,2025-08-08
162,301,2025-04-15T13:46:00Z,Turbidity FNU,1.576,0.59,FNU,YSI_EXO2,301_2025-04-15 13:46_1.576_TUR-FNU_4,HoldingPond_profiles_2025.xlsx_301_15Apr,22,2025-08-08
163,301,2025-04-15T13:46:00Z,Blue Green Algae RFU,0.974,0.32,RFU,YSI_EXO2,301_2025-04-15 13:46_0.974_BGA-PC-RFU_4,HoldingPond_profiles_2025.xlsx_301_15Apr,23,2025-08-08
164,301,2025-04-15T13:46:00Z,Blue Green Algae RFU,1.576,0.39,RFU,YSI_EXO2,301_2025-04-15 13:46_1.576_BGA-PC-RFU_4,HoldingPond_profiles_2025.xlsx_301_15Apr,24,2025-08-08
165,301,2025-04-15T13:46:00Z,Blue Green Algae,0.974,0.33,ug/L,YSI_EXO2,301_2025-04-15 13:46_0.974_BGA-PC_4,HoldingPond_profiles_2025.xlsx_301_15Apr,25,2025-08-08
166,301,2025-04-15T13:46:00Z,Blue Green Algae,1.576,0.4,ug/L,YSI_EXO2,301_2025-04-15 13:46_1.576_BGA-PC_4,HoldingPond_profiles_2025.xlsx_301_15Apr,26,2025-08-08
167,301,2025-04-15T13:46:00Z,Chlorophyll RFU,0.974,0.83,RFU,YSI_EXO2,301_2025-04-15 13:46_0.974_Chl-RFU_4,HoldingPond_profiles_2025.xlsx_301_15Apr,27,2025-08-08
168,301,2025-04-15T13:46:00Z,Chlorophyll RFU,1.576,0.9,RFU,YSI_EXO2,301_2025-04-15 13:46_1.576_Chl-RFU_4,HoldingPond_profiles_2025.xlsx_301_15Apr,28,2025-08-08
169,301,2025-04-15T13:46:00Z,Chlorophyll,0.974,3.17,ug/L,YSI_EXO2,301_2025-04-15 13:46_0.974_Chl_4,HoldingPond_profiles_2025.xlsx_301_15Apr,29,2025-08-08
170,301,2025-04-15T13:46:00Z,Chlorophyll,1.576,3.46,ug/L,YSI_EXO2,301_2025-04-15 13:46_1.576_Chl_4,HoldingPond_profiles_2025.xlsx_301_15Apr,30,2025-08-08
171,301,2025-04-15T13:47:00Z,Water Temperature,1.995,8.433,Deg-C,YSI_EXO2,301_2025-04-15 13:47_1.995_TWA-C_4,HoldingPond_profiles_2025.xlsx_301_15Apr,31,2025-08-08
172,301,2025-04-15T13:47:00Z,Oxygen Saturation,1.995,94.5,%,YSI_EXO2,301_2025-04-15 13:47_1.995_LDOs_4,HoldingPond_profiles_2025.xlsx_301_15Apr,32,2025-08-08
173,301,2025-04-15T13:47:00Z,Dissolved Oxygen,1.995,11.08,mg/L,YSI_EXO2,301_2025-04-15 13:47_1.995_LDOd_4,HoldingPond_profiles_2025.xlsx_301_15Apr,33,2025-08-08
174,301,2025-04-15T13:47:00Z,Specific Conductance,1.995,61.8,uS/cm,YSI_EXO2,301_2025-04-15 13:47_1.995_SPCD_4,HoldingPond_profiles_2025.xlsx_301_15Apr,34,2025-08-08
175,301,2025-04-15T13:47:00Z,pH,1.995,6.88,pH,YSI_EXO2,301_2025-04-15 13:47_1.995_pH_4,HoldingPond_profiles_2025.xlsx_301_15Apr,35,2025-08-08
176,301,2025-04-15T13:47:00Z,Turbidity FNU,1.995,0.62,FNU,YSI_EXO2,301_2025-04-15 13:47_1.995_TUR-FNU_4,HoldingPond_profiles_2025.xlsx_301_15Apr,36,2025-08-08
177,301,2025-04-15T13:47:00Z,Blue Green Algae RFU,1.995,0.45,RFU,YSI_EXO2,301_2025-04-15 13:47_1.995_BGA-PC-RFU_4,HoldingPond_profiles_2025.xlsx_301_15Apr,37,2025-08-08
178,301,2025-04-15T13:47:00Z,Blue Green Algae,1.995,0.47,ug/L,YSI_EXO2,301_2025-04-15 13:47_1.995_BGA-PC_4,HoldingPond_profiles_2025.xlsx_301_15Apr,38,2025-08-08
179,301,2025-04-15T13:47:00Z,Chlorophyll RFU,1.995,0.87,RFU,YSI_EXO2,301_2025-04-15 13:47_1.995_Chl-RFU_4,HoldingPond_profiles_2025.xlsx_301_15Apr,39,2025-08-08
180,301,2025-04-15T13:47:00Z,Chlorophyll,1.995,3.31,ug/L,YSI_EXO2,301_2025-04-15 13:47_1.995_Chl_4,HoldingPond_profiles_2025.xlsx_301_15Apr,40,2025-08-08
181,301,2025-04-15T13:48:00Z,Water Temperature,2.471,7.909,Deg-C,YSI_EXO2,301_2025-04-15 13:48_2.471_TWA-C_4,HoldingPond_profiles_2025.xlsx_301_15Apr,41,2025-08-08
182,301,2025-04-15T13:48:00Z,Oxygen Saturation,2.471,92.7,%,YSI_EXO2,301_2025-04-15 13:48_2.471_LDOs_4,HoldingPond_profiles_2025.xlsx_301_15Apr,42,2025-08-08
183,301,2025-04-15T13:48:00Z,Dissolved Oxygen,2.471,11,mg/L,YSI_EXO2,301_2025-04-15 13:48_2.471_LDOd_4,HoldingPond_profiles_2025.xlsx_301_15Apr,43,2025-08-08
184,301,2025-04-15T13:48:00Z,Specific Conductance,2.471,61.5,uS/cm,YSI_EXO2,301_2025-04-15 13:48_2.471_SPCD_4,HoldingPond_profiles_2025.xlsx_301_15Apr,44,2025-08-08
185,301,2025-04-15T13:48:00Z,pH,2.471,6.8,pH,YSI_EXO2,301_2025-04-15 13:48_2.471_pH_4,HoldingPond_profiles_2025.xlsx_301_15Apr,45,2025-08-08
186,301,2025-04-15T13:48:00Z,Turbidity FNU,2.471,0.58,FNU,YSI_EXO2,301_2025-04-15 13:48_2.471_TUR-FNU_4,HoldingPond_profiles_2025.xlsx_301_15Apr,46,2025-08-08
187,301,2025-04-15T13:48:00Z,Blue Green Algae RFU,2.471,0.46,RFU,YSI_EXO2,301_2025-04-15 13:48_2.471_BGA-PC-RFU_4,HoldingPond_profiles_2025.xlsx_301_15Apr,47,2025-08-08
188,301,2025-04-15T13:48:00Z,Blue Green Algae,2.471,0.47,ug/L,YSI_EXO2,301_2025-04-15 13:48_2.471_BGA-PC_4,HoldingPond_profiles_2025.xlsx_301_15Apr,48,2025-08-08
189,301,2025-04-15T13:48:00Z,Chlorophyll RFU,2.471,0.67,RFU,YSI_EXO2,301_2025-04-15 13:48_2.471_Chl-RFU_4,HoldingPond_profiles_2025.xlsx_301_15Apr,49,2025-08-08
190,301,2025-04-15T13:48:00Z,Chlorophyll,2.471,2.51,ug/L,YSI_EXO2,301_2025-04-15 13:48_2.471_Chl_4,HoldingPond_profiles_2025.xlsx_301_15Apr,50,2025-08-08
191,302,2025-04-15T10:54:00Z,Water Temperature,0.504,9.557,Deg-C,YSI_EXO2,302_2025-04-15 10:54_0.504_TWA-C_4,HoldingPond_profiles_2025.xlsx_302_15Apr,1,2025-08-08
192,302,2025-04-15T10:54:00Z,Water Temperature,0.976,8.598,Deg-C,YSI_EXO2,302_2025-04-15 10:54_0.976_TWA-C_4,HoldingPond_profiles_2025.xlsx_302_15Apr,2,2025-08-08
193,302,2025-04-15T10:54:00Z,Oxygen Saturation,0.504,97.3,%,YSI_EXO2,302_2025-04-15 10:54_0.504_LDOs_4,HoldingPond_profiles_2025.xlsx_302_15Apr,3,2025-08-08
194,302,2025-04-15T10:54:00Z,Oxygen Saturation,0.976,96.1,%,YSI_EXO2,302_2025-04-15 10:54_0.976_LDOs_4,HoldingPond_profiles_2025.xlsx_302_15Apr,4,2025-08-08
195,302,2025-04-15T10:54:00Z,Dissolved Oxygen,0.504,11.1,mg/L,YSI_EXO2,302_2025-04-15 10:54_0.504_LDOd_4,HoldingPond_profiles_2025.xlsx_302_15Apr,5,2025-08-08
196,302,2025-04-15T10:54:00Z,Dissolved Oxygen,0.976,11.21,mg/L,YSI_EXO2,302_2025-04-15 10:54_0.976_LDOd_4,HoldingPond_profiles_2025.xlsx_302_15Apr,6,2025-08-08
197,302,2025-04-15T10:54:00Z,Specific Conductance,0.504,87.2,uS/cm,YSI_EXO2,302_2025-04-15 10:54_0.504_SPCD_4,HoldingPond_profiles_2025.xlsx_302_15Apr,7,2025-08-08
198,302,2025-04-15T10:54:00Z,Specific Conductance,0.976,87.1,uS/cm,YSI_EXO2,302_2025-04-15 10:54_0.976_SPCD_4,HoldingPond_profiles_2025.xlsx_302_15Apr,8,2025-08-08
199,302,2025-04-15T10:54:00Z,pH,0.504,7.54,pH,YSI_EXO2,302_2025-04-15 10:54_0.504_pH_4,HoldingPond_profiles_2025.xlsx_302_15Apr,9,2025-08-08
200,302,2025-04-15T10:54:00Z,pH,0.976,7.27,pH,YSI_EXO2,302_2025-04-15 10:54_0.976_pH_4,HoldingPond_profiles_2025.xlsx_302_15Apr,10,2025-08-08
201,302,2025-04-15T10:54:00Z,Turbidity FNU,0.504,0.37,FNU,YSI_EXO2,302_2025-04-15 10:54_0.504_TUR-FNU_4,HoldingPond_profiles_2025.xlsx_302_15Apr,11,2025-08-08
202,302,2025-04-15T10:54:00Z,Turbidity FNU,0.976,0.43,FNU,YSI_EXO2,302_2025-04-15 10:54_0.976_TUR-FNU_4,HoldingPond_profiles_2025.xlsx_302_15Apr,12,2025-08-08
203,302,2025-04-15T10:54:00Z,Blue Green Algae RFU,0.504,0.21,RFU,YSI_EXO2,302_2025-04-15 10:54_0.504_BGA-PC-RFU_4,HoldingPond_profiles_2025.xlsx_302_15Apr,13,2025-08-08
204,302,2025-04-15T10:54:00Z,Blue Green Algae RFU,0.976,0.34,RFU,YSI_EXO2,302_2025-04-15 10:54_0.976_BGA-PC-RFU_4,HoldingPond_profiles_2025.xlsx_302_15Apr,14,2025-08-08
205,302,2025-04-15T10:54:00Z,Blue Green Algae,0.504,0.22,ug/L,YSI_EXO2,302_2025-04-15 10:54_0.504_BGA-PC_4,HoldingPond_profiles_2025.xlsx_302_15Apr,15,2025-08-08
206,302,2025-04-15T10:54:00Z,Blue Green Algae,0.976,0.35,ug/L,YSI_EXO2,302_2025-04-15 10:54_0.976_BGA-PC_4,HoldingPond_profiles_2025.xlsx_302_15Apr,16,2025-08-08
207,302,2025-04-15T10:54:00Z,Chlorophyll RFU,0.504,0.3,RFU,YSI_EXO2,302_2025-04-15 10:54_0.504_Chl-RFU_4,HoldingPond_profiles_2025.xlsx_302_15Apr,17,2025-08-08
208,302,2025-04-15T10:54:00Z,Chlorophyll RFU,0.976,0.37,RFU,YSI_EXO2,302_2025-04-15 10:54_0.976_Chl-RFU_4,HoldingPond_profiles_2025.xlsx_302_15Apr,18,2025-08-08
209,302,2025-04-15T10:54:00Z,Chlorophyll,0.504,1.02,ug/L,YSI_EXO2,302_2025-04-15 10:54_0.504_Chl_4,HoldingPond_profiles_2025.xlsx_302_15Apr,19,2025-08-08
210,302,2025-04-15T10:54:00Z,Chlorophyll,0.976,1.3,ug/L,YSI_EXO2,302_2025-04-15 10:54_0.976_Chl_4,HoldingPond_profiles_2025.xlsx_302_15Apr,20,2025-08-08
211,302,2025-04-15T10:56:00Z,Water Temperature,1.99,7.647,Deg-C,YSI_EXO2,302_2025-04-15 10:56_1.99_TWA-C_4,HoldingPond_profiles_2025.xlsx_302_15Apr,21,2025-08-08
212,302,2025-04-15T10:56:00Z,Oxygen Saturation,1.99,94.2,%,YSI_EXO2,302_2025-04-15 10:56_1.99_LDOs_4,HoldingPond_profiles_2025.xlsx_302_15Apr,22,2025-08-08
213,302,2025-04-15T10:56:00Z,Dissolved Oxygen,1.99,11.25,mg/L,YSI_EXO2,302_2025-04-15 10:56_1.99_LDOd_4,HoldingPond_profiles_2025.xlsx_302_15Apr,23,2025-08-08
214,302,2025-04-15T10:56:00Z,Specific Conductance,1.99,87.1,uS/cm,YSI_EXO2,302_2025-04-15 10:56_1.99_SPCD_4,HoldingPond_profiles_2025.xlsx_302_15Apr,24,2025-08-08
215,302,2025-04-15T10:56:00Z,pH,1.99,7,pH,YSI_EXO2,302_2025-04-15 10:56_1.99_pH_4,HoldingPond_profiles_2025.xlsx_302_15Apr,25,2025-08-08
216,302,2025-04-15T10:56:00Z,Turbidity FNU,1.99,0.4,FNU,YSI_EXO2,302_2025-04-15 10:56_1.99_TUR-FNU_4,HoldingPond_profiles_2025.xlsx_302_15Apr,26,2025-08-08
217,302,2025-04-15T10:56:00Z,Blue Green Algae RFU,1.99,0.51,RFU,YSI_EXO2,302_2025-04-15 10:56_1.99_BGA-PC-RFU_4,HoldingPond_profiles_2025.xlsx_302_15Apr,27,2025-08-08
218,302,2025-04-15T10:56:00Z,Blue Green Algae,1.99,0.53,ug/L,YSI_EXO2,302_2025-04-15 10:56_1.99_BGA-PC_4,HoldingPond_profiles_2025.xlsx_302_15Apr,28,2025-08-08
219,302,2025-04-15T10:56:00Z,Chlorophyll RFU,1.99,0.59,RFU,YSI_EXO2,302_2025-04-15 10:56_1.99_Chl-RFU_4,HoldingPond_profiles_2025.xlsx_302_15Apr,29,2025-08-08
220,302,2025-04-15T10:56:00Z,Chlorophyll,1.99,2.2,ug/L,YSI_EXO2,302_2025-04-15 10:56_1.99_Chl_4,HoldingPond_profiles_2025.xlsx_302_15Apr,30,2025-08-08
221,302,2025-04-15T10:58:00Z,Water Temperature,2.98,6.592,Deg-C,YSI_EXO2,302_2025-04-15 10:58_2.98_TWA-C_4,HoldingPond_profiles_2025.xlsx_302_15Apr,31,2025-08-08
222,302,2025-04-15T10:58:00Z,Oxygen Saturation,2.98,91.3,%,YSI_EXO2,302_2025-04-15 10:58_2.98_LDOs_4,HoldingPond_profiles_2025.xlsx_302_15Apr,32,2025-08-08
223,302,2025-04-15T10:58:00Z,Dissolved Oxygen,2.98,11.19,mg/L,YSI_EXO2,302_2025-04-15 10:58_2.98_LDOd_4,HoldingPond_profiles_2025.xlsx_302_15Apr,33,2025-08-08
224,302,2025-04-15T10:58:00Z,Specific Conductance,2.98,87.6,uS/cm,YSI_EXO2,302_2025-04-15 10:58_2.98_SPCD_4,HoldingPond_profiles_2025.xlsx_302_15Apr,34,2025-08-08
225,302,2025-04-15T10:58:00Z,pH,2.98,6.81,pH,YSI_EXO2,302_2025-04-15 10:58_2.98_pH_4,HoldingPond_profiles_2025.xlsx_302_15Apr,35,2025-08-08
226,302,2025-04-15T10:58:00Z,Turbidity FNU,2.98,0.44,FNU,YSI_EXO2,302_2025-04-15 10:58_2.98_TUR-FNU_4,HoldingPond_profiles_2025.xlsx_302_15Apr,36,2025-08-08
227,302,2025-04-15T10:58:00Z,Blue Green Algae RFU,2.98,0.53,RFU,YSI_EXO2,302_2025-04-15 10:58_2.98_BGA-PC-RFU_4,HoldingPond_profiles_2025.xlsx_302_15Apr,37,2025-08-08
228,302,2025-04-15T10:58:00Z,Blue Green Algae,2.98,0.55,ug/L,YSI_EXO2,302_2025-04-15 10:58_2.98_BGA-PC_4,HoldingPond_profiles_2025.xlsx_302_15Apr,38,2025-08-08
229,302,2025-04-15T10:58:00Z,Chlorophyll RFU,2.98,0.56,RFU,YSI_EXO2,302_2025-04-15 10:58_2.98_Chl-RFU_4,HoldingPond_profiles_2025.xlsx_302_15Apr,39,2025-08-08
230,302,2025-04-15T10:58:00Z,Chlorophyll,2.98,2.08,ug/L,YSI_EXO2,302_2025-04-15 10:58_2.98_Chl_4,HoldingPond_profiles_2025.xlsx_302_15Apr,40,2025-08-08
231,302,2025-04-15T10:59:00Z,Water Temperature,3.993,6.243,Deg-C,YSI_EXO2,302_2025-04-15 10:59_3.993_TWA-C_4,HoldingPond_profiles_2025.xlsx_302_15Apr,41,2025-08-08
232,302,2025-04-15T10:59:00Z,Oxygen Saturation,3.993,90,%,YSI_EXO2,302_2025-04-15 10:59_3.993_LDOs_4,HoldingPond_profiles_2025.xlsx_302_15Apr,42,2025-08-08
233,302,2025-04-15T10:59:00Z,Dissolved Oxygen,3.993,11.13,mg/L,YSI_EXO2,302_2025-04-15 10:59_3.993_LDOd_4,HoldingPond_profiles_2025.xlsx_302_15Apr,43,2025-08-08
234,302,2025-04-15T10:59:00Z,Specific Conductance,3.993,88.2,uS/cm,YSI_EXO2,302_2025-04-15 10:59_3.993_SPCD_4,HoldingPond_profiles_2025.xlsx_302_15Apr,44,2025-08-08
235,302,2025-04-15T10:59:00Z,pH,3.993,6.69,pH,YSI_EXO2,302_2025-04-15 10:59_3.993_pH_4,HoldingPond_profiles_2025.xlsx_302_15Apr,45,2025-08-08
236,302,2025-04-15T10:59:00Z,Turbidity FNU,3.993,0.45,FNU,YSI_EXO2,302_2025-04-15 10:59_3.993_TUR-FNU_4,HoldingPond_profiles_2025.xlsx_302_15Apr,46,2025-08-08
237,302,2025-04-15T10:59:00Z,Blue Green Algae RFU,3.993,0.56,RFU,YSI_EXO2,302_2025-04-15 10:59_3.993_BGA-PC-RFU_4,HoldingPond_profiles_2025.xlsx_302_15Apr,47,2025-08-08
238,302,2025-04-15T10:59:00Z,Blue Green Algae,3.993,0.58,ug/L,YSI_EXO2,302_2025-04-15 10:59_3.993_BGA-PC_4,HoldingPond_profiles_2025.xlsx_302_15Apr,48,2025-08-08
239,302,2025-04-15T10:59:00Z,Chlorophyll RFU,3.993,0.39,RFU,YSI_EXO2,302_2025-04-15 10:59_3.993_Chl-RFU_4,HoldingPond_profiles_2025.xlsx_302_15Apr,49,2025-08-08
240,302,2025-04-15T10:59:00Z,Chlorophyll,3.993,1.41,ug/L,YSI_EXO2,302_2025-04-15 10:59_3.993_Chl_4,HoldingPond_profiles_2025.xlsx_302_15Apr,50,2025-08-08
241,302,2025-04-15T11:00:00Z,Water Temperature,4.98,5.72,Deg-C,YSI_EXO2,302_2025-04-15 11:00_4.98_TWA-C_4,HoldingPond_profiles_2025.xlsx_302_15Apr,51,2025-08-08
242,302,2025-04-15T11:00:00Z,Oxygen Saturation,4.98,89,%,YSI_EXO2,302_2025-04-15 11:00_4.98_LDOs_4,HoldingPond_profiles_2025.xlsx_302_15Apr,52,2025-08-08
243,302,2025-04-15T11:00:00Z,Dissolved Oxygen,4.98,11.16,mg/L,YSI_EXO2,302_2025-04-15 11:00_4.98_LDOd_4,HoldingPond_profiles_2025.xlsx_302_15Apr,53,2025-08-08
244,302,2025-04-15T11:00:00Z,Specific Conductance,4.98,89.3,uS/cm,YSI_EXO2,302_2025-04-15 11:00_4.98_SPCD_4,HoldingPond_profiles_2025.xlsx_302_15Apr,54,2025-08-08
245,302,2025-04-15T11:00:00Z,pH,4.98,6.64,pH,YSI_EXO2,302_2025-04-15 11:00_4.98_pH_4,HoldingPond_profiles_2025.xlsx_302_15Apr,55,2025-08-08
246,302,2025-04-15T11:00:00Z,Turbidity FNU,4.98,0.44,FNU,YSI_EXO2,302_2025-04-15 11:00_4.98_TUR-FNU_4,HoldingPond_profiles_2025.xlsx_302_15Apr,56,2025-08-08
247,302,2025-04-15T11:00:00Z,Blue Green Algae RFU,4.98,0.53,RFU,YSI_EXO2,302_2025-04-15 11:00_4.98_BGA-PC-RFU_4,HoldingPond_profiles_2025.xlsx_302_15Apr,57,2025-08-08
248,302,2025-04-15T11:00:00Z,Blue Green Algae,4.98,0.55,ug/L,YSI_EXO2,302_2025-04-15 11:00_4.98_BGA-PC_4,HoldingPond_profiles_2025.xlsx_302_15Apr,58,2025-08-08
249,302,2025-04-15T11:00:00Z,Chlorophyll RFU,4.98,0.36,RFU,YSI_EXO2,302_2025-04-15 11:00_4.98_Chl-RFU_4,HoldingPond_profiles_2025.xlsx_302_15Apr,59,2025-08-08
250,302,2025-04-15T11:00:00Z,Chlorophyll,4.98,1.28,ug/L,YSI_EXO2,302_2025-04-15 11:00_4.98_Chl_4,HoldingPond_profiles_2025.xlsx_302_15Apr,60,2025-08-08
889,LP3,2025-05-08T10:29:00Z,Chlorophyll RFU,0.471,0.08,RFU,YSI_EXO2,LP3_2025-05-08 10:29_0.471_Chl-RFU_4,LongPond_profiles_2025.xlsx_2025-05_lp3,9,2025-08-08
890,LP3,2025-05-08T10:29:00Z,Chlorophyll,0.471,0.45,ug/L,YSI_EXO2,LP3_2025-05-08 10:29_0.471_Chl_4,LongPond_profiles_2025.xlsx_2025-05_lp3,10,2025-08-08
891,LP3,2025-05-08T10:30:00Z,Water Temperature,1.004,16.227,Deg-C,YSI_EXO2,LP3_2025-05-08 10:30_1.004_TWA-C_4,LongPond_profiles_2025.xlsx_2025-05_lp3,11,2025-08-08
892,LP3,2025-05-08T10:30:00Z,Oxygen Saturation,1.004,98.3,%,YSI_EXO2,LP3_2025-05-08 10:30_1.004_LDOs_4,LongPond_profiles_2025.xlsx_2025-05_lp3,12,2025-08-08
893,LP3,2025-05-08T10:30:00Z,Dissolved Oxygen,1.004,9.65,mg/L,YSI_EXO2,LP3_2025-05-08 10:30_1.004_LDOd_4,LongPond_profiles_2025.xlsx_2025-05_lp3,13,2025-08-08
894,LP3,2025-05-08T10:30:00Z,Specific Conductance,1.004,150.1,uS/cm,YSI_EXO2,LP3_2025-05-08 10:30_1.004_SPCD_4,LongPond_profiles_2025.xlsx_2025-05_lp3,14,2025-08-08
895,LP3,2025-05-08T10:30:00Z,pH,1.004,6.53,pH,YSI_EXO2,LP3_2025-05-08 10:30_1.004_pH_4,LongPond_profiles_2025.xlsx_2025-05_lp3,15,2025-08-08
896,LP3,2025-05-08T10:30:00Z,Turbidity FNU,1.004,0.41,FNU,YSI_EXO2,LP3_2025-05-08 10:30_1.004_TUR-FNU_4,LongPond_profiles_2025.xlsx_2025-05_lp3,16,2025-08-08
897,LP3,2025-05-08T10:30:00Z,Blue Green Algae RFU,1.004,0.07,RFU,YSI_EXO2,LP3_2025-05-08 10:30_1.004_BGA-PC-RFU_4,LongPond_profiles_2025.xlsx_2025-05_lp3,17,2025-08-08
898,LP3,2025-05-08T10:30:00Z,Blue Green Algae,1.004,0.08,ug/L,YSI_EXO2,LP3_2025-05-08 10:30_1.004_BGA-PC_4,LongPond_profiles_2025.xlsx_2025-05_lp3,18,2025-08-08
899,LP3,2025-05-08T10:30:00Z,Chlorophyll RFU,1.004,0.12,RFU,YSI_EXO2,LP3_2025-05-08 10:30_1.004_Chl-RFU_4,LongPond_profiles_2025.xlsx_2025-05_lp3,19,2025-08-08
900,LP3,2025-05-08T10:30:00Z,Chlorophyll,1.004,0.62,ug/L,YSI_EXO2,LP3_2025-05-08 10:30_1.004_Chl_4,LongPond_profiles_2025.xlsx_2025-05_lp3,20,2025-08-08
901,LP3,2025-05-08T10:31:00Z,Water Temperature,1.49,16.173,Deg-C,YSI_EXO2,LP3_2025-05-08 10:31_1.49_TWA-C_4,LongPond_profiles_2025.xlsx_2025-05_lp3,21,2025-08-08
902,LP3,2025-05-08T10:31:00Z,Water Temperature,1.982,16.142,Deg-C,YSI_EXO2,LP3_2025-05-08 10:31_1.982_TWA-C_4,LongPond_profiles_2025.xlsx_2025-05_lp3,22,2025-08-08
903,LP3,2025-05-08T10:31:00Z,Oxygen Saturation,1.49,98.2,%,YSI_EXO2,LP3_2025-05-08 10:31_1.49_LDOs_4,LongPond_profiles_2025.xlsx_2025-05_lp3,23,2025-08-08
904,LP3,2025-05-08T10:31:00Z,Oxygen Saturation,1.982,98.2,%,YSI_EXO2,LP3_2025-05-08 10:31_1.982_LDOs_4,LongPond_profiles_2025.xlsx_2025-05_lp3,24,2025-08-08
905,LP3,2025-05-08T10:31:00Z,Dissolved Oxygen,1.49,9.65,mg/L,YSI_EXO2,LP3_2025-05-08 10:31_1.49_LDOd_4,LongPond_profiles_2025.xlsx_2025-05_lp3,25,2025-08-08
906,LP3,2025-05-08T10:31:00Z,Dissolved Oxygen,1.982,9.66,mg/L,YSI_EXO2,LP3_2025-05-08 10:31_1.982_LDOd_4,LongPond_profiles_2025.xlsx_2025-05_lp3,26,2025-08-08
907,LP3,2025-05-08T10:31:00Z,Specific Conductance,1.49,150.1,uS/cm,YSI_EXO2,LP3_2025-05-08 10:31_1.49_SPCD_4,LongPond_profiles_2025.xlsx_2025-05_lp3,27,2025-08-08
908,LP3,2025-05-08T10:31:00Z,Specific Conductance,1.982,150.2,uS/cm,YSI_EXO2,LP3_2025-05-08 10:31_1.982_SPCD_4,LongPond_profiles_2025.xlsx_2025-05_lp3,28,2025-08-08
909,LP3,2025-05-08T10:31:00Z,pH,1.49,6.55,pH,YSI_EXO2,LP3_2025-05-08 10:31_1.49_pH_4,LongPond_profiles_2025.xlsx_2025-05_lp3,29,2025-08-08
910,LP3,2025-05-08T10:31:00Z,pH,1.982,6.57,pH,YSI_EXO2,LP3_2025-05-08 10:31_1.982_pH_4,LongPond_profiles_2025.xlsx_2025-05_lp3,30,2025-08-08
911,LP3,2025-05-08T10:31:00Z,Turbidity FNU,1.49,0.39,FNU,YSI_EXO2,LP3_2025-05-08 10:31_1.49_TUR-FNU_4,LongPond_profiles_2025.xlsx_2025-05_lp3,31,2025-08-08
912,LP3,2025-05-08T10:31:00Z,Turbidity FNU,1.982,0.42,FNU,YSI_EXO2,LP3_2025-05-08 10:31_1.982_TUR-FNU_4,LongPond_profiles_2025.xlsx_2025-05_lp3,32,2025-08-08
913,LP3,2025-05-08T10:31:00Z,Blue Green Algae RFU,1.49,0.04,RFU,YSI_EXO2,LP3_2025-05-08 10:31_1.49_BGA-PC-RFU_4,LongPond_profiles_2025.xlsx_2025-05_lp3,33,2025-08-08
914,LP3,2025-05-08T10:31:00Z,Blue Green Algae RFU,1.982,0.05,RFU,YSI_EXO2,LP3_2025-05-08 10:31_1.982_BGA-PC-RFU_4,LongPond_profiles_2025.xlsx_2025-05_lp3,34,2025-08-08
915,LP3,2025-05-08T10:31:00Z,Blue Green Algae,1.49,0.06,ug/L,YSI_EXO2,LP3_2025-05-08 10:31_1.49_BGA-PC_4,LongPond_profiles_2025.xlsx_2025-05_lp3,35,2025-08-08
916,LP3,2025-05-08T10:31:00Z,Blue Green Algae,1.982,0.07,ug/L,YSI_EXO2,LP3_2025-05-08 10:31_1.982_BGA-PC_4,LongPond_profiles_2025.xlsx_2025-05_lp3,36,2025-08-08
917,LP3,2025-05-08T10:31:00Z,Chlorophyll RFU,1.49,0.15,RFU,YSI_EXO2,LP3_2025-05-08 10:31_1.49_Chl-RFU_4,LongPond_profiles_2025.xlsx_2025-05_lp3,37,2025-08-08
918,LP3,2025-05-08T10:31:00Z,Chlorophyll RFU,1.982,0.16,RFU,YSI_EXO2,LP3_2025-05-08 10:31_1.982_Chl-RFU_4,LongPond_profiles_2025.xlsx_2025-05_lp3,38,2025-08-08
311,302,2025-05-15T10:47:00Z,Water Temperature,0.461,17.728,Deg-C,YSI_EXO2,302_2025-05-15 10:47_0.461_TWA-C_4,HoldingPond_profiles_2025.xlsx_302_15May,1,2025-08-08
312,302,2025-05-15T10:47:00Z,Oxygen Saturation,0.461,94.7,%,YSI_EXO2,302_2025-05-15 10:47_0.461_LDOs_4,HoldingPond_profiles_2025.xlsx_302_15May,2,2025-08-08
313,302,2025-05-15T10:47:00Z,Dissolved Oxygen,0.461,9.01,mg/L,YSI_EXO2,302_2025-05-15 10:47_0.461_LDOd_4,HoldingPond_profiles_2025.xlsx_302_15May,3,2025-08-08
314,302,2025-05-15T10:47:00Z,Specific Conductance,0.461,72.6,uS/cm,YSI_EXO2,302_2025-05-15 10:47_0.461_SPCD_4,HoldingPond_profiles_2025.xlsx_302_15May,4,2025-08-08
315,302,2025-05-15T10:47:00Z,pH,0.461,6.79,pH,YSI_EXO2,302_2025-05-15 10:47_0.461_pH_4,HoldingPond_profiles_2025.xlsx_302_15May,5,2025-08-08
316,302,2025-05-15T10:47:00Z,Turbidity FNU,0.461,0.32,FNU,YSI_EXO2,302_2025-05-15 10:47_0.461_TUR-FNU_4,HoldingPond_profiles_2025.xlsx_302_15May,6,2025-08-08
317,302,2025-05-15T10:47:00Z,Blue Green Algae RFU,0.461,0.06,RFU,YSI_EXO2,302_2025-05-15 10:47_0.461_BGA-PC-RFU_4,HoldingPond_profiles_2025.xlsx_302_15May,7,2025-08-08
318,302,2025-05-15T10:47:00Z,Blue Green Algae,0.461,0.06,ug/L,YSI_EXO2,302_2025-05-15 10:47_0.461_BGA-PC_4,HoldingPond_profiles_2025.xlsx_302_15May,8,2025-08-08
319,302,2025-05-15T10:47:00Z,Chlorophyll RFU,0.461,0.84,RFU,YSI_EXO2,302_2025-05-15 10:47_0.461_Chl-RFU_4,HoldingPond_profiles_2025.xlsx_302_15May,9,2025-08-08
320,302,2025-05-15T10:47:00Z,Chlorophyll,0.461,3.39,ug/L,YSI_EXO2,302_2025-05-15 10:47_0.461_Chl_4,HoldingPond_profiles_2025.xlsx_302_15May,10,2025-08-08
321,302,2025-05-15T10:48:00Z,Water Temperature,0.973,17.13,Deg-C,YSI_EXO2,302_2025-05-15 10:48_0.973_TWA-C_4,HoldingPond_profiles_2025.xlsx_302_15May,11,2025-08-08
322,302,2025-05-15T10:48:00Z,Water Temperature,1.522,16.084,Deg-C,YSI_EXO2,302_2025-05-15 10:48_1.522_TWA-C_4,HoldingPond_profiles_2025.xlsx_302_15May,12,2025-08-08
323,302,2025-05-15T10:48:00Z,Water Temperature,2.017,15.359,Deg-C,YSI_EXO2,302_2025-05-15 10:48_2.017_TWA-C_4,HoldingPond_profiles_2025.xlsx_302_15May,13,2025-08-08
324,302,2025-05-15T10:48:00Z,Water Temperature,2.417,14.112,Deg-C,YSI_EXO2,302_2025-05-15 10:48_2.417_TWA-C_4,HoldingPond_profiles_2025.xlsx_302_15May,14,2025-08-08
325,302,2025-05-15T10:48:00Z,Oxygen Saturation,0.973,93.7,%,YSI_EXO2,302_2025-05-15 10:48_0.973_LDOs_4,HoldingPond_profiles_2025.xlsx_302_15May,15,2025-08-08
326,302,2025-05-15T10:48:00Z,Oxygen Saturation,1.522,90.1,%,YSI_EXO2,302_2025-05-15 10:48_1.522_LDOs_4,HoldingPond_profiles_2025.xlsx_302_15May,16,2025-08-08
327,302,2025-05-15T10:48:00Z,Oxygen Saturation,2.017,87.4,%,YSI_EXO2,302_2025-05-15 10:48_2.017_LDOs_4,HoldingPond_profiles_2025.xlsx_302_15May,17,2025-08-08
328,302,2025-05-15T10:48:00Z,Oxygen Saturation,2.417,84.8,%,YSI_EXO2,302_2025-05-15 10:48_2.417_LDOs_4,HoldingPond_profiles_2025.xlsx_302_15May,18,2025-08-08
329,302,2025-05-15T10:48:00Z,Dissolved Oxygen,0.973,9.03,mg/L,YSI_EXO2,302_2025-05-15 10:48_0.973_LDOd_4,HoldingPond_profiles_2025.xlsx_302_15May,19,2025-08-08
330,302,2025-05-15T10:48:00Z,Dissolved Oxygen,1.522,8.87,mg/L,YSI_EXO2,302_2025-05-15 10:48_1.522_LDOd_4,HoldingPond_profiles_2025.xlsx_302_15May,20,2025-08-08
331,302,2025-05-15T10:48:00Z,Dissolved Oxygen,2.017,8.74,mg/L,YSI_EXO2,302_2025-05-15 10:48_2.017_LDOd_4,HoldingPond_profiles_2025.xlsx_302_15May,21,2025-08-08
332,302,2025-05-15T10:48:00Z,Dissolved Oxygen,2.417,8.71,mg/L,YSI_EXO2,302_2025-05-15 10:48_2.417_LDOd_4,HoldingPond_profiles_2025.xlsx_302_15May,22,2025-08-08
333,302,2025-05-15T10:48:00Z,Specific Conductance,0.973,73.3,uS/cm,YSI_EXO2,302_2025-05-15 10:48_0.973_SPCD_4,HoldingPond_profiles_2025.xlsx_302_15May,23,2025-08-08
334,302,2025-05-15T10:48:00Z,Specific Conductance,1.522,75.9,uS/cm,YSI_EXO2,302_2025-05-15 10:48_1.522_SPCD_4,HoldingPond_profiles_2025.xlsx_302_15May,24,2025-08-08
335,302,2025-05-15T10:48:00Z,Specific Conductance,2.017,76.6,uS/cm,YSI_EXO2,302_2025-05-15 10:48_2.017_SPCD_4,HoldingPond_profiles_2025.xlsx_302_15May,25,2025-08-08
336,302,2025-05-15T10:48:00Z,Specific Conductance,2.417,72.1,uS/cm,YSI_EXO2,302_2025-05-15 10:48_2.417_SPCD_4,HoldingPond_profiles_2025.xlsx_302_15May,26,2025-08-08
337,302,2025-05-15T10:48:00Z,pH,0.973,6.51,pH,YSI_EXO2,302_2025-05-15 10:48_0.973_pH_4,HoldingPond_profiles_2025.xlsx_302_15May,27,2025-08-08
338,302,2025-05-15T10:48:00Z,pH,1.522,6.35,pH,YSI_EXO2,302_2025-05-15 10:48_1.522_pH_4,HoldingPond_profiles_2025.xlsx_302_15May,28,2025-08-08
339,302,2025-05-15T10:48:00Z,pH,2.017,6.27,pH,YSI_EXO2,302_2025-05-15 10:48_2.017_pH_4,HoldingPond_profiles_2025.xlsx_302_15May,29,2025-08-08
340,302,2025-05-15T10:48:00Z,pH,2.417,6.2,pH,YSI_EXO2,302_2025-05-15 10:48_2.417_pH_4,HoldingPond_profiles_2025.xlsx_302_15May,30,2025-08-08
341,302,2025-05-15T10:48:00Z,Turbidity FNU,0.973,0.37,FNU,YSI_EXO2,302_2025-05-15 10:48_0.973_TUR-FNU_4,HoldingPond_profiles_2025.xlsx_302_15May,31,2025-08-08
342,302,2025-05-15T10:48:00Z,Turbidity FNU,1.522,0.39,FNU,YSI_EXO2,302_2025-05-15 10:48_1.522_TUR-FNU_4,HoldingPond_profiles_2025.xlsx_302_15May,32,2025-08-08
343,302,2025-05-15T10:48:00Z,Turbidity FNU,2.017,0.4,FNU,YSI_EXO2,302_2025-05-15 10:48_2.017_TUR-FNU_4,HoldingPond_profiles_2025.xlsx_302_15May,33,2025-08-08
344,302,2025-05-15T10:48:00Z,Turbidity FNU,2.417,0.42,FNU,YSI_EXO2,302_2025-05-15 10:48_2.417_TUR-FNU_4,HoldingPond_profiles_2025.xlsx_302_15May,34,2025-08-08
345,302,2025-05-15T10:48:00Z,Blue Green Algae RFU,0.973,0.07,RFU,YSI_EXO2,302_2025-05-15 10:48_0.973_BGA-PC-RFU_4,HoldingPond_profiles_2025.xlsx_302_15May,35,2025-08-08
346,302,2025-05-15T10:48:00Z,Blue Green Algae RFU,1.522,0.03,RFU,YSI_EXO2,302_2025-05-15 10:48_1.522_BGA-PC-RFU_4,HoldingPond_profiles_2025.xlsx_302_15May,36,2025-08-08
347,302,2025-05-15T10:48:00Z,Blue Green Algae RFU,2.017,0.04,RFU,YSI_EXO2,302_2025-05-15 10:48_2.017_BGA-PC-RFU_4,HoldingPond_profiles_2025.xlsx_302_15May,37,2025-08-08
348,302,2025-05-15T10:48:00Z,Blue Green Algae RFU,2.417,0.03,RFU,YSI_EXO2,302_2025-05-15 10:48_2.417_BGA-PC-RFU_4,HoldingPond_profiles_2025.xlsx_302_15May,38,2025-08-08
349,302,2025-05-15T10:48:00Z,Blue Green Algae,0.973,0.08,ug/L,YSI_EXO2,302_2025-05-15 10:48_0.973_BGA-PC_4,HoldingPond_profiles_2025.xlsx_302_15May,39,2025-08-08
350,302,2025-05-15T10:48:00Z,Blue Green Algae,1.522,0.03,ug/L,YSI_EXO2,302_2025-05-15 10:48_1.522_BGA-PC_4,HoldingPond_profiles_2025.xlsx_302_15May,40,2025-08-08
351,302,2025-05-15T10:48:00Z,Blue Green Algae,2.017,0.05,ug/L,YSI_EXO2,302_2025-05-15 10:48_2.017_BGA-PC_4,HoldingPond_profiles_2025.xlsx_302_15May,41,2025-08-08
352,302,2025-05-15T10:48:00Z,Blue Green Algae,2.417,0.04,ug/L,YSI_EXO2,302_2025-05-15 10:48_2.417_BGA-PC_4,HoldingPond_profiles_2025.xlsx_302_15May,42,2025-08-08
353,302,2025-05-15T10:48:00Z,Chlorophyll RFU,0.973,0.73,RFU,YSI_EXO2,302_2025-05-15 10:48_0.973_Chl-RFU_4,HoldingPond_profiles_2025.xlsx_302_15May,43,2025-08-08
354,302,2025-05-15T10:48:00Z,Chlorophyll RFU,1.522,0.51,RFU,YSI_EXO2,302_2025-05-15 10:48_1.522_Chl-RFU_4,HoldingPond_profiles_2025.xlsx_302_15May,44,2025-08-08
355,302,2025-05-15T10:48:00Z,Chlorophyll RFU,2.017,0.43,RFU,YSI_EXO2,302_2025-05-15 10:48_2.017_Chl-RFU_4,HoldingPond_profiles_2025.xlsx_302_15May,45,2025-08-08
356,302,2025-05-15T10:48:00Z,Chlorophyll RFU,2.417,0.43,RFU,YSI_EXO2,302_2025-05-15 10:48_2.417_Chl-RFU_4,HoldingPond_profiles_2025.xlsx_302_15May,46,2025-08-08
357,302,2025-05-15T10:48:00Z,Chlorophyll,0.973,2.97,ug/L,YSI_EXO2,302_2025-05-15 10:48_0.973_Chl_4,HoldingPond_profiles_2025.xlsx_302_15May,47,2025-08-08
358,302,2025-05-15T10:48:00Z,Chlorophyll,1.522,2.08,ug/L,YSI_EXO2,302_2025-05-15 10:48_1.522_Chl_4,HoldingPond_profiles_2025.xlsx_302_15May,48,2025-08-08
359,302,2025-05-15T10:48:00Z,Chlorophyll,2.017,1.73,ug/L,YSI_EXO2,302_2025-05-15 10:48_2.017_Chl_4,HoldingPond_profiles_2025.xlsx_302_15May,49,2025-08-08
360,302,2025-05-15T10:48:00Z,Chlorophyll,2.417,1.74,ug/L,YSI_EXO2,302_2025-05-15 10:48_2.417_Chl_4,HoldingPond_profiles_2025.xlsx_302_15May,50,2025-08-08
361,302,2025-05-15T10:49:00Z,Water Temperature,2.506,13.934,Deg-C,YSI_EXO2,302_2025-05-15 10:49_2.506_TWA-C_4,HoldingPond_profiles_2025.xlsx_302_15May,51,2025-08-08
362,302,2025-05-15T10:49:00Z,Water Temperature,3,13.06,Deg-C,YSI_EXO2,302_2025-05-15 10:49_3_TWA-C_4,HoldingPond_profiles_2025.xlsx_302_15May,52,2025-08-08
363,302,2025-05-15T10:49:00Z,Water Temperature,3.521,12.391,Deg-C,YSI_EXO2,302_2025-05-15 10:49_3.521_TWA-C_4,HoldingPond_profiles_2025.xlsx_302_15May,53,2025-08-08
364,302,2025-05-15T10:49:00Z,Water Temperature,4.039,12.022,Deg-C,YSI_EXO2,302_2025-05-15 10:49_4.039_TWA-C_4,HoldingPond_profiles_2025.xlsx_302_15May,54,2025-08-08
365,302,2025-05-15T10:49:00Z,Oxygen Saturation,2.506,84.7,%,YSI_EXO2,302_2025-05-15 10:49_2.506_LDOs_4,HoldingPond_profiles_2025.xlsx_302_15May,55,2025-08-08
366,302,2025-05-15T10:49:00Z,Oxygen Saturation,3,82.8,%,YSI_EXO2,302_2025-05-15 10:49_3_LDOs_4,HoldingPond_profiles_2025.xlsx_302_15May,56,2025-08-08
367,302,2025-05-15T10:49:00Z,Oxygen Saturation,3.521,81.3,%,YSI_EXO2,302_2025-05-15 10:49_3.521_LDOs_4,HoldingPond_profiles_2025.xlsx_302_15May,57,2025-08-08
368,302,2025-05-15T10:49:00Z,Oxygen Saturation,4.039,80.2,%,YSI_EXO2,302_2025-05-15 10:49_4.039_LDOs_4,HoldingPond_profiles_2025.xlsx_302_15May,58,2025-08-08
369,302,2025-05-15T10:49:00Z,Dissolved Oxygen,2.506,8.74,mg/L,YSI_EXO2,302_2025-05-15 10:49_2.506_LDOd_4,HoldingPond_profiles_2025.xlsx_302_15May,59,2025-08-08
370,302,2025-05-15T10:49:00Z,Dissolved Oxygen,3,8.7,mg/L,YSI_EXO2,302_2025-05-15 10:49_3_LDOd_4,HoldingPond_profiles_2025.xlsx_302_15May,60,2025-08-08
371,302,2025-05-15T10:49:00Z,Dissolved Oxygen,3.521,8.68,mg/L,YSI_EXO2,302_2025-05-15 10:49_3.521_LDOd_4,HoldingPond_profiles_2025.xlsx_302_15May,61,2025-08-08
372,302,2025-05-15T10:49:00Z,Dissolved Oxygen,4.039,8.63,mg/L,YSI_EXO2,302_2025-05-15 10:49_4.039_LDOd_4,HoldingPond_profiles_2025.xlsx_302_15May,62,2025-08-08
373,302,2025-05-15T10:49:00Z,Specific Conductance,2.506,70.9,uS/cm,YSI_EXO2,302_2025-05-15 10:49_2.506_SPCD_4,HoldingPond_profiles_2025.xlsx_302_15May,63,2025-08-08
374,302,2025-05-15T10:49:00Z,Specific Conductance,3,68.9,uS/cm,YSI_EXO2,302_2025-05-15 10:49_3_SPCD_4,HoldingPond_profiles_2025.xlsx_302_15May,64,2025-08-08
375,302,2025-05-15T10:49:00Z,Specific Conductance,3.521,67.9,uS/cm,YSI_EXO2,302_2025-05-15 10:49_3.521_SPCD_4,HoldingPond_profiles_2025.xlsx_302_15May,65,2025-08-08
376,302,2025-05-15T10:49:00Z,Specific Conductance,4.039,67.1,uS/cm,YSI_EXO2,302_2025-05-15 10:49_4.039_SPCD_4,HoldingPond_profiles_2025.xlsx_302_15May,66,2025-08-08
377,302,2025-05-15T10:49:00Z,pH,2.506,6.18,pH,YSI_EXO2,302_2025-05-15 10:49_2.506_pH_4,HoldingPond_profiles_2025.xlsx_302_15May,67,2025-08-08
378,302,2025-05-15T10:49:00Z,pH,3,6.14,pH,YSI_EXO2,302_2025-05-15 10:49_3_pH_4,HoldingPond_profiles_2025.xlsx_302_15May,68,2025-08-08
379,302,2025-05-15T10:49:00Z,pH,3.521,6.1,pH,YSI_EXO2,302_2025-05-15 10:49_3.521_pH_4,HoldingPond_profiles_2025.xlsx_302_15May,69,2025-08-08
380,302,2025-05-15T10:49:00Z,pH,4.039,6.09,pH,YSI_EXO2,302_2025-05-15 10:49_4.039_pH_4,HoldingPond_profiles_2025.xlsx_302_15May,70,2025-08-08
381,302,2025-05-15T10:49:00Z,Turbidity FNU,2.506,0.45,FNU,YSI_EXO2,302_2025-05-15 10:49_2.506_TUR-FNU_4,HoldingPond_profiles_2025.xlsx_302_15May,71,2025-08-08
382,302,2025-05-15T10:49:00Z,Turbidity FNU,3,0.43,FNU,YSI_EXO2,302_2025-05-15 10:49_3_TUR-FNU_4,HoldingPond_profiles_2025.xlsx_302_15May,72,2025-08-08
383,302,2025-05-15T10:49:00Z,Turbidity FNU,3.521,0.48,FNU,YSI_EXO2,302_2025-05-15 10:49_3.521_TUR-FNU_4,HoldingPond_profiles_2025.xlsx_302_15May,73,2025-08-08
384,302,2025-05-15T10:49:00Z,Turbidity FNU,4.039,0.56,FNU,YSI_EXO2,302_2025-05-15 10:49_4.039_TUR-FNU_4,HoldingPond_profiles_2025.xlsx_302_15May,74,2025-08-08
385,302,2025-05-15T10:49:00Z,Blue Green Algae RFU,2.506,0.01,RFU,YSI_EXO2,302_2025-05-15 10:49_2.506_BGA-PC-RFU_4,HoldingPond_profiles_2025.xlsx_302_15May,75,2025-08-08
386,302,2025-05-15T10:49:00Z,Blue Green Algae RFU,3,0.09,RFU,YSI_EXO2,302_2025-05-15 10:49_3_BGA-PC-RFU_4,HoldingPond_profiles_2025.xlsx_302_15May,76,2025-08-08
387,302,2025-05-15T10:49:00Z,Blue Green Algae RFU,3.521,0.06,RFU,YSI_EXO2,302_2025-05-15 10:49_3.521_BGA-PC-RFU_4,HoldingPond_profiles_2025.xlsx_302_15May,77,2025-08-08
388,302,2025-05-15T10:49:00Z,Blue Green Algae RFU,4.039,0.05,RFU,YSI_EXO2,302_2025-05-15 10:49_4.039_BGA-PC-RFU_4,HoldingPond_profiles_2025.xlsx_302_15May,78,2025-08-08
389,302,2025-05-15T10:49:00Z,Blue Green Algae,2.506,0.01,ug/L,YSI_EXO2,302_2025-05-15 10:49_2.506_BGA-PC_4,HoldingPond_profiles_2025.xlsx_302_15May,79,2025-08-08
390,302,2025-05-15T10:49:00Z,Blue Green Algae,3,0.1,ug/L,YSI_EXO2,302_2025-05-15 10:49_3_BGA-PC_4,HoldingPond_profiles_2025.xlsx_302_15May,80,2025-08-08
391,302,2025-05-15T10:49:00Z,Blue Green Algae,3.521,0.07,ug/L,YSI_EXO2,302_2025-05-15 10:49_3.521_BGA-PC_4,HoldingPond_profiles_2025.xlsx_302_15May,81,2025-08-08
392,302,2025-05-15T10:49:00Z,Blue Green Algae,4.039,0.05,ug/L,YSI_EXO2,302_2025-05-15 10:49_4.039_BGA-PC_4,HoldingPond_profiles_2025.xlsx_302_15May,82,2025-08-08
393,302,2025-05-15T10:49:00Z,Chlorophyll RFU,2.506,0.4,RFU,YSI_EXO2,302_2025-05-15 10:49_2.506_Chl-RFU_4,HoldingPond_profiles_2025.xlsx_302_15May,83,2025-08-08
394,302,2025-05-15T10:49:00Z,Chlorophyll RFU,3,0.43,RFU,YSI_EXO2,302_2025-05-15 10:49_3_Chl-RFU_4,HoldingPond_profiles_2025.xlsx_302_15May,84,2025-08-08
395,302,2025-05-15T10:49:00Z,Chlorophyll RFU,3.521,0.43,RFU,YSI_EXO2,302_2025-05-15 10:49_3.521_Chl-RFU_4,HoldingPond_profiles_2025.xlsx_302_15May,85,2025-08-08
396,302,2025-05-15T10:49:00Z,Chlorophyll RFU,4.039,0.44,RFU,YSI_EXO2,302_2025-05-15 10:49_4.039_Chl-RFU_4,HoldingPond_profiles_2025.xlsx_302_15May,86,2025-08-08
397,302,2025-05-15T10:49:00Z,Chlorophyll,2.506,1.64,ug/L,YSI_EXO2,302_2025-05-15 10:49_2.506_Chl_4,HoldingPond_profiles_2025.xlsx_302_15May,87,2025-08-08
398,302,2025-05-15T10:49:00Z,Chlorophyll,3,1.73,ug/L,YSI_EXO2,302_2025-05-15 10:49_3_Chl_4,HoldingPond_profiles_2025.xlsx_302_15May,88,2025-08-08
399,302,2025-05-15T10:49:00Z,Chlorophyll,3.521,1.74,ug/L,YSI_EXO2,302_2025-05-15 10:49_3.521_Chl_4,HoldingPond_profiles_2025.xlsx_302_15May,89,2025-08-08
400,302,2025-05-15T10:49:00Z,Chlorophyll,4.039,1.8,ug/L,YSI_EXO2,302_2025-05-15 10:49_4.039_Chl_4,HoldingPond_profiles_2025.xlsx_302_15May,90,2025-08-08
401,302,2025-05-15T10:50:00Z,Water Temperature,4.539,10.579,Deg-C,YSI_EXO2,302_2025-05-15 10:50_4.539_TWA-C_4,HoldingPond_profiles_2025.xlsx_302_15May,91,2025-08-08
402,302,2025-05-15T10:50:00Z,Oxygen Saturation,4.539,76.4,%,YSI_EXO2,302_2025-05-15 10:50_4.539_LDOs_4,HoldingPond_profiles_2025.xlsx_302_15May,92,2025-08-08
403,302,2025-05-15T10:50:00Z,Dissolved Oxygen,4.539,8.5,mg/L,YSI_EXO2,302_2025-05-15 10:50_4.539_LDOd_4,HoldingPond_profiles_2025.xlsx_302_15May,93,2025-08-08
404,302,2025-05-15T10:50:00Z,Specific Conductance,4.539,79.6,uS/cm,YSI_EXO2,302_2025-05-15 10:50_4.539_SPCD_4,HoldingPond_profiles_2025.xlsx_302_15May,94,2025-08-08
405,302,2025-05-15T10:50:00Z,pH,4.539,6.1,pH,YSI_EXO2,302_2025-05-15 10:50_4.539_pH_4,HoldingPond_profiles_2025.xlsx_302_15May,95,2025-08-08
406,302,2025-05-15T10:50:00Z,Turbidity FNU,4.539,0.46,FNU,YSI_EXO2,302_2025-05-15 10:50_4.539_TUR-FNU_4,HoldingPond_profiles_2025.xlsx_302_15May,96,2025-08-08
407,302,2025-05-15T10:50:00Z,Blue Green Algae RFU,4.539,0.12,RFU,YSI_EXO2,302_2025-05-15 10:50_4.539_BGA-PC-RFU_4,HoldingPond_profiles_2025.xlsx_302_15May,97,2025-08-08
408,302,2025-05-15T10:50:00Z,Blue Green Algae,4.539,0.12,ug/L,YSI_EXO2,302_2025-05-15 10:50_4.539_BGA-PC_4,HoldingPond_profiles_2025.xlsx_302_15May,98,2025-08-08
409,302,2025-05-15T10:50:00Z,Chlorophyll RFU,4.539,0.31,RFU,YSI_EXO2,302_2025-05-15 10:50_4.539_Chl-RFU_4,HoldingPond_profiles_2025.xlsx_302_15May,99,2025-08-08
410,302,2025-05-15T10:50:00Z,Chlorophyll,4.539,1.27,ug/L,YSI_EXO2,302_2025-05-15 10:50_4.539_Chl_4,HoldingPond_profiles_2025.xlsx_302_15May,100,2025-08-08
411,302,2025-05-15T10:52:00Z,Water Temperature,4.995,9.151,Deg-C,YSI_EXO2,302_2025-05-15 10:52_4.995_TWA-C_4,HoldingPond_profiles_2025.xlsx_302_15May,101,2025-08-08
412,302,2025-05-15T10:52:00Z,Oxygen Saturation,4.995,53.1,%,YSI_EXO2,302_2025-05-15 10:52_4.995_LDOs_4,HoldingPond_profiles_2025.xlsx_302_15May,102,2025-08-08
413,302,2025-05-15T10:52:00Z,Dissolved Oxygen,4.995,6.11,mg/L,YSI_EXO2,302_2025-05-15 10:52_4.995_LDOd_4,HoldingPond_profiles_2025.xlsx_302_15May,103,2025-08-08
414,302,2025-05-15T10:52:00Z,Specific Conductance,4.995,90,uS/cm,YSI_EXO2,302_2025-05-15 10:52_4.995_SPCD_4,HoldingPond_profiles_2025.xlsx_302_15May,104,2025-08-08
415,302,2025-05-15T10:52:00Z,pH,4.995,5.96,pH,YSI_EXO2,302_2025-05-15 10:52_4.995_pH_4,HoldingPond_profiles_2025.xlsx_302_15May,105,2025-08-08
416,302,2025-05-15T10:52:00Z,Turbidity FNU,4.995,1.08,FNU,YSI_EXO2,302_2025-05-15 10:52_4.995_TUR-FNU_4,HoldingPond_profiles_2025.xlsx_302_15May,106,2025-08-08
417,302,2025-05-15T10:52:00Z,Blue Green Algae RFU,4.995,0.13,RFU,YSI_EXO2,302_2025-05-15 10:52_4.995_BGA-PC-RFU_4,HoldingPond_profiles_2025.xlsx_302_15May,107,2025-08-08
418,302,2025-05-15T10:52:00Z,Blue Green Algae,4.995,0.14,ug/L,YSI_EXO2,302_2025-05-15 10:52_4.995_BGA-PC_4,HoldingPond_profiles_2025.xlsx_302_15May,108,2025-08-08
419,302,2025-05-15T10:52:00Z,Chlorophyll RFU,4.995,0.28,RFU,YSI_EXO2,302_2025-05-15 10:52_4.995_Chl-RFU_4,HoldingPond_profiles_2025.xlsx_302_15May,109,2025-08-08
420,302,2025-05-15T10:52:00Z,Chlorophyll,4.995,1.15,ug/L,YSI_EXO2,302_2025-05-15 10:52_4.995_Chl_4,HoldingPond_profiles_2025.xlsx_302_15May,110,2025-08-08
421,301,2025-06-13T13:10:00Z,Water Temperature,0.536,22.593,Deg-C,YSI_EXO2,301_2025-06-13 13:10_0.536_TWA-C_4,HoldingPond_profiles_2025.xlsx_301_13June,1,2025-08-08
422,301,2025-06-13T13:10:00Z,Oxygen Saturation,0.536,98.1,%,YSI_EXO2,301_2025-06-13 13:10_0.536_LDOs_4,HoldingPond_profiles_2025.xlsx_301_13June,2,2025-08-08
423,301,2025-06-13T13:10:00Z,Dissolved Oxygen,0.536,8.48,mg/L,YSI_EXO2,301_2025-06-13 13:10_0.536_LDOd_4,HoldingPond_profiles_2025.xlsx_301_13June,3,2025-08-08
424,301,2025-06-13T13:10:00Z,Specific Conductance,0.536,56.7,uS/cm,YSI_EXO2,301_2025-06-13 13:10_0.536_SPCD_4,HoldingPond_profiles_2025.xlsx_301_13June,4,2025-08-08
425,301,2025-06-13T13:10:00Z,pH,0.536,6.19,pH,YSI_EXO2,301_2025-06-13 13:10_0.536_pH_4,HoldingPond_profiles_2025.xlsx_301_13June,5,2025-08-08
426,301,2025-06-13T13:10:00Z,Turbidity FNU,0.536,0.51,FNU,YSI_EXO2,301_2025-06-13 13:10_0.536_TUR-FNU_4,HoldingPond_profiles_2025.xlsx_301_13June,6,2025-08-08
427,301,2025-06-13T13:10:00Z,Blue Green Algae RFU,0.536,0.08,RFU,YSI_EXO2,301_2025-06-13 13:10_0.536_BGA-PC-RFU_4,HoldingPond_profiles_2025.xlsx_301_13June,7,2025-08-08
428,301,2025-06-13T13:10:00Z,Blue Green Algae,0.536,0.11,ug/L,YSI_EXO2,301_2025-06-13 13:10_0.536_BGA-PC_4,HoldingPond_profiles_2025.xlsx_301_13June,8,2025-08-08
429,301,2025-06-13T13:10:00Z,Chlorophyll RFU,0.536,0.72,RFU,YSI_EXO2,301_2025-06-13 13:10_0.536_Chl-RFU_4,HoldingPond_profiles_2025.xlsx_301_13June,9,2025-08-08
430,301,2025-06-13T13:10:00Z,Chlorophyll,0.536,2.81,ug/L,YSI_EXO2,301_2025-06-13 13:10_0.536_Chl_4,HoldingPond_profiles_2025.xlsx_301_13June,10,2025-08-08
431,301,2025-06-13T13:11:00Z,Water Temperature,0.97,21.551,Deg-C,YSI_EXO2,301_2025-06-13 13:11_0.97_TWA-C_4,HoldingPond_profiles_2025.xlsx_301_13June,11,2025-08-08
432,301,2025-06-13T13:11:00Z,Oxygen Saturation,0.97,95.6,%,YSI_EXO2,301_2025-06-13 13:11_0.97_LDOs_4,HoldingPond_profiles_2025.xlsx_301_13June,12,2025-08-08
433,301,2025-06-13T13:11:00Z,Dissolved Oxygen,0.97,8.43,mg/L,YSI_EXO2,301_2025-06-13 13:11_0.97_LDOd_4,HoldingPond_profiles_2025.xlsx_301_13June,13,2025-08-08
434,301,2025-06-13T13:11:00Z,Specific Conductance,0.97,56.8,uS/cm,YSI_EXO2,301_2025-06-13 13:11_0.97_SPCD_4,HoldingPond_profiles_2025.xlsx_301_13June,14,2025-08-08
435,301,2025-06-13T13:11:00Z,pH,0.97,6.38,pH,YSI_EXO2,301_2025-06-13 13:11_0.97_pH_4,HoldingPond_profiles_2025.xlsx_301_13June,15,2025-08-08
436,301,2025-06-13T13:11:00Z,Turbidity FNU,0.97,0.61,FNU,YSI_EXO2,301_2025-06-13 13:11_0.97_TUR-FNU_4,HoldingPond_profiles_2025.xlsx_301_13June,16,2025-08-08
437,301,2025-06-13T13:11:00Z,Blue Green Algae RFU,0.97,0.08,RFU,YSI_EXO2,301_2025-06-13 13:11_0.97_BGA-PC-RFU_4,HoldingPond_profiles_2025.xlsx_301_13June,17,2025-08-08
438,301,2025-06-13T13:11:00Z,Blue Green Algae,0.97,0.11,ug/L,YSI_EXO2,301_2025-06-13 13:11_0.97_BGA-PC_4,HoldingPond_profiles_2025.xlsx_301_13June,18,2025-08-08
439,301,2025-06-13T13:11:00Z,Chlorophyll RFU,0.97,0.82,RFU,YSI_EXO2,301_2025-06-13 13:11_0.97_Chl-RFU_4,HoldingPond_profiles_2025.xlsx_301_13June,19,2025-08-08
440,301,2025-06-13T13:11:00Z,Chlorophyll,0.97,3.21,ug/L,YSI_EXO2,301_2025-06-13 13:11_0.97_Chl_4,HoldingPond_profiles_2025.xlsx_301_13June,20,2025-08-08
441,301,2025-06-13T13:13:00Z,Water Temperature,2.016,20.797,Deg-C,YSI_EXO2,301_2025-06-13 13:13_2.016_TWA-C_4,HoldingPond_profiles_2025.xlsx_301_13June,21,2025-08-08
442,301,2025-06-13T13:13:00Z,Oxygen Saturation,2.016,91.1,%,YSI_EXO2,301_2025-06-13 13:13_2.016_LDOs_4,HoldingPond_profiles_2025.xlsx_301_13June,22,2025-08-08
443,301,2025-06-13T13:13:00Z,Dissolved Oxygen,2.016,8.15,mg/L,YSI_EXO2,301_2025-06-13 13:13_2.016_LDOd_4,HoldingPond_profiles_2025.xlsx_301_13June,23,2025-08-08
444,301,2025-06-13T13:13:00Z,Specific Conductance,2.016,56.7,uS/cm,YSI_EXO2,301_2025-06-13 13:13_2.016_SPCD_4,HoldingPond_profiles_2025.xlsx_301_13June,24,2025-08-08
445,301,2025-06-13T13:13:00Z,pH,2.016,6.35,pH,YSI_EXO2,301_2025-06-13 13:13_2.016_pH_4,HoldingPond_profiles_2025.xlsx_301_13June,25,2025-08-08
446,301,2025-06-13T13:13:00Z,Turbidity FNU,2.016,0.68,FNU,YSI_EXO2,301_2025-06-13 13:13_2.016_TUR-FNU_4,HoldingPond_profiles_2025.xlsx_301_13June,26,2025-08-08
447,301,2025-06-13T13:13:00Z,Blue Green Algae RFU,2.016,0.18,RFU,YSI_EXO2,301_2025-06-13 13:13_2.016_BGA-PC-RFU_4,HoldingPond_profiles_2025.xlsx_301_13June,27,2025-08-08
448,301,2025-06-13T13:13:00Z,Blue Green Algae,2.016,0.21,ug/L,YSI_EXO2,301_2025-06-13 13:13_2.016_BGA-PC_4,HoldingPond_profiles_2025.xlsx_301_13June,28,2025-08-08
449,301,2025-06-13T13:13:00Z,Chlorophyll RFU,2.016,0.87,RFU,YSI_EXO2,301_2025-06-13 13:13_2.016_Chl-RFU_4,HoldingPond_profiles_2025.xlsx_301_13June,29,2025-08-08
450,301,2025-06-13T13:13:00Z,Chlorophyll,2.016,3.42,ug/L,YSI_EXO2,301_2025-06-13 13:13_2.016_Chl_4,HoldingPond_profiles_2025.xlsx_301_13June,30,2025-08-08
451,301,2025-06-13T13:15:00Z,Water Temperature,2.487,18.395,Deg-C,YSI_EXO2,301_2025-06-13 13:15_2.487_TWA-C_4,HoldingPond_profiles_2025.xlsx_301_13June,31,2025-08-08
452,301,2025-06-13T13:15:00Z,Oxygen Saturation,2.487,74.2,%,YSI_EXO2,301_2025-06-13 13:15_2.487_LDOs_4,HoldingPond_profiles_2025.xlsx_301_13June,32,2025-08-08
453,301,2025-06-13T13:15:00Z,Dissolved Oxygen,2.487,6.97,mg/L,YSI_EXO2,301_2025-06-13 13:15_2.487_LDOd_4,HoldingPond_profiles_2025.xlsx_301_13June,33,2025-08-08
454,301,2025-06-13T13:15:00Z,Specific Conductance,2.487,57.6,uS/cm,YSI_EXO2,301_2025-06-13 13:15_2.487_SPCD_4,HoldingPond_profiles_2025.xlsx_301_13June,34,2025-08-08
455,301,2025-06-13T13:15:00Z,pH,2.487,6.05,pH,YSI_EXO2,301_2025-06-13 13:15_2.487_pH_4,HoldingPond_profiles_2025.xlsx_301_13June,35,2025-08-08
456,301,2025-06-13T13:15:00Z,Turbidity FNU,2.487,0.85,FNU,YSI_EXO2,301_2025-06-13 13:15_2.487_TUR-FNU_4,HoldingPond_profiles_2025.xlsx_301_13June,36,2025-08-08
457,301,2025-06-13T13:15:00Z,Blue Green Algae RFU,2.487,0.25,RFU,YSI_EXO2,301_2025-06-13 13:15_2.487_BGA-PC-RFU_4,HoldingPond_profiles_2025.xlsx_301_13June,37,2025-08-08
458,301,2025-06-13T13:15:00Z,Blue Green Algae,2.487,0.28,ug/L,YSI_EXO2,301_2025-06-13 13:15_2.487_BGA-PC_4,HoldingPond_profiles_2025.xlsx_301_13June,38,2025-08-08
459,301,2025-06-13T13:15:00Z,Chlorophyll RFU,2.487,1.08,RFU,YSI_EXO2,301_2025-06-13 13:15_2.487_Chl-RFU_4,HoldingPond_profiles_2025.xlsx_301_13June,39,2025-08-08
460,301,2025-06-13T13:15:00Z,Chlorophyll,2.487,4.29,ug/L,YSI_EXO2,301_2025-06-13 13:15_2.487_Chl_4,HoldingPond_profiles_2025.xlsx_301_13June,40,2025-08-08
461,301,2025-06-13T13:16:00Z,Water Temperature,2.999,16.212,Deg-C,YSI_EXO2,301_2025-06-13 13:16_2.999_TWA-C_4,HoldingPond_profiles_2025.xlsx_301_13June,41,2025-08-08
462,301,2025-06-13T13:16:00Z,Oxygen Saturation,2.999,61.8,%,YSI_EXO2,301_2025-06-13 13:16_2.999_LDOs_4,HoldingPond_profiles_2025.xlsx_301_13June,42,2025-08-08
463,301,2025-06-13T13:16:00Z,Dissolved Oxygen,2.999,6.07,mg/L,YSI_EXO2,301_2025-06-13 13:16_2.999_LDOd_4,HoldingPond_profiles_2025.xlsx_301_13June,43,2025-08-08
464,301,2025-06-13T13:16:00Z,Specific Conductance,2.999,57.7,uS/cm,YSI_EXO2,301_2025-06-13 13:16_2.999_SPCD_4,HoldingPond_profiles_2025.xlsx_301_13June,44,2025-08-08
465,301,2025-06-13T13:16:00Z,pH,2.999,5.89,pH,YSI_EXO2,301_2025-06-13 13:16_2.999_pH_4,HoldingPond_profiles_2025.xlsx_301_13June,45,2025-08-08
466,301,2025-06-13T13:16:00Z,Turbidity FNU,2.999,0.95,FNU,YSI_EXO2,301_2025-06-13 13:16_2.999_TUR-FNU_4,HoldingPond_profiles_2025.xlsx_301_13June,46,2025-08-08
467,301,2025-06-13T13:16:00Z,Blue Green Algae RFU,2.999,0.2,RFU,YSI_EXO2,301_2025-06-13 13:16_2.999_BGA-PC-RFU_4,HoldingPond_profiles_2025.xlsx_301_13June,47,2025-08-08
468,301,2025-06-13T13:16:00Z,Blue Green Algae,2.999,0.22,ug/L,YSI_EXO2,301_2025-06-13 13:16_2.999_BGA-PC_4,HoldingPond_profiles_2025.xlsx_301_13June,48,2025-08-08
469,301,2025-06-13T13:16:00Z,Chlorophyll RFU,2.999,0.93,RFU,YSI_EXO2,301_2025-06-13 13:16_2.999_Chl-RFU_4,HoldingPond_profiles_2025.xlsx_301_13June,49,2025-08-08
470,301,2025-06-13T13:16:00Z,Chlorophyll,2.999,3.65,ug/L,YSI_EXO2,301_2025-06-13 13:16_2.999_Chl_4,HoldingPond_profiles_2025.xlsx_301_13June,50,2025-08-08
471,301,2025-06-13T13:17:00Z,Water Temperature,3.446,15.173,Deg-C,YSI_EXO2,301_2025-06-13 13:17_3.446_TWA-C_4,HoldingPond_profiles_2025.xlsx_301_13June,51,2025-08-08
472,301,2025-06-13T13:17:00Z,Oxygen Saturation,3.446,52.2,%,YSI_EXO2,301_2025-06-13 13:17_3.446_LDOs_4,HoldingPond_profiles_2025.xlsx_301_13June,52,2025-08-08
473,301,2025-06-13T13:17:00Z,Dissolved Oxygen,3.446,5.25,mg/L,YSI_EXO2,301_2025-06-13 13:17_3.446_LDOd_4,HoldingPond_profiles_2025.xlsx_301_13June,53,2025-08-08
474,301,2025-06-13T13:17:00Z,Specific Conductance,3.446,57.8,uS/cm,YSI_EXO2,301_2025-06-13 13:17_3.446_SPCD_4,HoldingPond_profiles_2025.xlsx_301_13June,54,2025-08-08
475,301,2025-06-13T13:17:00Z,pH,3.446,5.82,pH,YSI_EXO2,301_2025-06-13 13:17_3.446_pH_4,HoldingPond_profiles_2025.xlsx_301_13June,55,2025-08-08
476,301,2025-06-13T13:17:00Z,Turbidity FNU,3.446,1.04,FNU,YSI_EXO2,301_2025-06-13 13:17_3.446_TUR-FNU_4,HoldingPond_profiles_2025.xlsx_301_13June,56,2025-08-08
477,301,2025-06-13T13:17:00Z,Blue Green Algae RFU,3.446,0.12,RFU,YSI_EXO2,301_2025-06-13 13:17_3.446_BGA-PC-RFU_4,HoldingPond_profiles_2025.xlsx_301_13June,57,2025-08-08
478,301,2025-06-13T13:17:00Z,Blue Green Algae,3.446,0.15,ug/L,YSI_EXO2,301_2025-06-13 13:17_3.446_BGA-PC_4,HoldingPond_profiles_2025.xlsx_301_13June,58,2025-08-08
479,301,2025-06-13T13:17:00Z,Chlorophyll RFU,3.446,0.68,RFU,YSI_EXO2,301_2025-06-13 13:17_3.446_Chl-RFU_4,HoldingPond_profiles_2025.xlsx_301_13June,59,2025-08-08
480,301,2025-06-13T13:17:00Z,Chlorophyll,3.446,2.65,ug/L,YSI_EXO2,301_2025-06-13 13:17_3.446_Chl_4,HoldingPond_profiles_2025.xlsx_301_13June,60,2025-08-08
481,301,2025-06-13T13:18:00Z,Water Temperature,4.032,14.774,Deg-C,YSI_EXO2,301_2025-06-13 13:18_4.032_TWA-C_4,HoldingPond_profiles_2025.xlsx_301_13June,61,2025-08-08
482,301,2025-06-13T13:18:00Z,Oxygen Saturation,4.032,50.6,%,YSI_EXO2,301_2025-06-13 13:18_4.032_LDOs_4,HoldingPond_profiles_2025.xlsx_301_13June,62,2025-08-08
483,301,2025-06-13T13:18:00Z,Dissolved Oxygen,4.032,5.13,mg/L,YSI_EXO2,301_2025-06-13 13:18_4.032_LDOd_4,HoldingPond_profiles_2025.xlsx_301_13June,63,2025-08-08
484,301,2025-06-13T13:18:00Z,Specific Conductance,4.032,57.8,uS/cm,YSI_EXO2,301_2025-06-13 13:18_4.032_SPCD_4,HoldingPond_profiles_2025.xlsx_301_13June,64,2025-08-08
485,301,2025-06-13T13:18:00Z,pH,4.032,5.81,pH,YSI_EXO2,301_2025-06-13 13:18_4.032_pH_4,HoldingPond_profiles_2025.xlsx_301_13June,65,2025-08-08
486,301,2025-06-13T13:18:00Z,Turbidity FNU,4.032,0.96,FNU,YSI_EXO2,301_2025-06-13 13:18_4.032_TUR-FNU_4,HoldingPond_profiles_2025.xlsx_301_13June,66,2025-08-08
487,301,2025-06-13T13:18:00Z,Blue Green Algae RFU,4.032,0.13,RFU,YSI_EXO2,301_2025-06-13 13:18_4.032_BGA-PC-RFU_4,HoldingPond_profiles_2025.xlsx_301_13June,67,2025-08-08
488,301,2025-06-13T13:18:00Z,Blue Green Algae,4.032,0.16,ug/L,YSI_EXO2,301_2025-06-13 13:18_4.032_BGA-PC_4,HoldingPond_profiles_2025.xlsx_301_13June,68,2025-08-08
489,301,2025-06-13T13:18:00Z,Chlorophyll RFU,4.032,0.58,RFU,YSI_EXO2,301_2025-06-13 13:18_4.032_Chl-RFU_4,HoldingPond_profiles_2025.xlsx_301_13June,69,2025-08-08
490,301,2025-06-13T13:18:00Z,Chlorophyll,4.032,2.26,ug/L,YSI_EXO2,301_2025-06-13 13:18_4.032_Chl_4,HoldingPond_profiles_2025.xlsx_301_13June,70,2025-08-08
491,301,2025-06-13T13:20:00Z,Water Temperature,4.477,14.009,Deg-C,YSI_EXO2,301_2025-06-13 13:20_4.477_TWA-C_4,HoldingPond_profiles_2025.xlsx_301_13June,71,2025-08-08
492,301,2025-06-13T13:20:00Z,Water Temperature,5.01,13.768,Deg-C,YSI_EXO2,301_2025-06-13 13:20_5.01_TWA-C_4,HoldingPond_profiles_2025.xlsx_301_13June,72,2025-08-08
493,301,2025-06-13T13:20:00Z,Oxygen Saturation,4.477,47.3,%,YSI_EXO2,301_2025-06-13 13:20_4.477_LDOs_4,HoldingPond_profiles_2025.xlsx_301_13June,73,2025-08-08
494,301,2025-06-13T13:20:00Z,Oxygen Saturation,5.01,48.6,%,YSI_EXO2,301_2025-06-13 13:20_5.01_LDOs_4,HoldingPond_profiles_2025.xlsx_301_13June,74,2025-08-08
495,301,2025-06-13T13:20:00Z,Dissolved Oxygen,4.477,4.88,mg/L,YSI_EXO2,301_2025-06-13 13:20_4.477_LDOd_4,HoldingPond_profiles_2025.xlsx_301_13June,75,2025-08-08
496,301,2025-06-13T13:20:00Z,Dissolved Oxygen,5.01,5.03,mg/L,YSI_EXO2,301_2025-06-13 13:20_5.01_LDOd_4,HoldingPond_profiles_2025.xlsx_301_13June,76,2025-08-08
497,301,2025-06-13T13:20:00Z,Specific Conductance,4.477,58,uS/cm,YSI_EXO2,301_2025-06-13 13:20_4.477_SPCD_4,HoldingPond_profiles_2025.xlsx_301_13June,77,2025-08-08
498,301,2025-06-13T13:20:00Z,Specific Conductance,5.01,57.9,uS/cm,YSI_EXO2,301_2025-06-13 13:20_5.01_SPCD_4,HoldingPond_profiles_2025.xlsx_301_13June,78,2025-08-08
499,301,2025-06-13T13:20:00Z,pH,4.477,5.8,pH,YSI_EXO2,301_2025-06-13 13:20_4.477_pH_4,HoldingPond_profiles_2025.xlsx_301_13June,79,2025-08-08
500,301,2025-06-13T13:20:00Z,pH,5.01,5.79,pH,YSI_EXO2,301_2025-06-13 13:20_5.01_pH_4,HoldingPond_profiles_2025.xlsx_301_13June,80,2025-08-08
501,301,2025-06-13T13:20:00Z,Turbidity FNU,4.477,1.26,FNU,YSI_EXO2,301_2025-06-13 13:20_4.477_TUR-FNU_4,HoldingPond_profiles_2025.xlsx_301_13June,81,2025-08-08
502,301,2025-06-13T13:20:00Z,Turbidity FNU,5.01,1.14,FNU,YSI_EXO2,301_2025-06-13 13:20_5.01_TUR-FNU_4,HoldingPond_profiles_2025.xlsx_301_13June,82,2025-08-08
503,301,2025-06-13T13:20:00Z,Blue Green Algae RFU,4.477,0.13,RFU,YSI_EXO2,301_2025-06-13 13:20_4.477_BGA-PC-RFU_4,HoldingPond_profiles_2025.xlsx_301_13June,83,2025-08-08
504,301,2025-06-13T13:20:00Z,Blue Green Algae RFU,5.01,0.14,RFU,YSI_EXO2,301_2025-06-13 13:20_5.01_BGA-PC-RFU_4,HoldingPond_profiles_2025.xlsx_301_13June,84,2025-08-08
505,301,2025-06-13T13:20:00Z,Blue Green Algae,4.477,0.16,ug/L,YSI_EXO2,301_2025-06-13 13:20_4.477_BGA-PC_4,HoldingPond_profiles_2025.xlsx_301_13June,85,2025-08-08
506,301,2025-06-13T13:20:00Z,Blue Green Algae,5.01,0.17,ug/L,YSI_EXO2,301_2025-06-13 13:20_5.01_BGA-PC_4,HoldingPond_profiles_2025.xlsx_301_13June,86,2025-08-08
507,301,2025-06-13T13:20:00Z,Chlorophyll RFU,4.477,0.59,RFU,YSI_EXO2,301_2025-06-13 13:20_4.477_Chl-RFU_4,HoldingPond_profiles_2025.xlsx_301_13June,87,2025-08-08
508,301,2025-06-13T13:20:00Z,Chlorophyll RFU,5.01,0.56,RFU,YSI_EXO2,301_2025-06-13 13:20_5.01_Chl-RFU_4,HoldingPond_profiles_2025.xlsx_301_13June,88,2025-08-08
509,301,2025-06-13T13:20:00Z,Chlorophyll,4.477,2.3,ug/L,YSI_EXO2,301_2025-06-13 13:20_4.477_Chl_4,HoldingPond_profiles_2025.xlsx_301_13June,89,2025-08-08
510,301,2025-06-13T13:20:00Z,Chlorophyll,5.01,2.19,ug/L,YSI_EXO2,301_2025-06-13 13:20_5.01_Chl_4,HoldingPond_profiles_2025.xlsx_301_13June,90,2025-08-08
511,302,2025-06-13T10:49:00Z,Water Temperature,0.473,20.362,Deg-C,YSI_EXO2,302_2025-06-13 10:49_0.473_TWA-C_4,HoldingPond_profiles_2025.xlsx_302_13June,1,2025-08-08
512,302,2025-06-13T10:49:00Z,Oxygen Saturation,0.473,92.7,%,YSI_EXO2,302_2025-06-13 10:49_0.473_LDOs_4,HoldingPond_profiles_2025.xlsx_302_13June,2,2025-08-08
513,302,2025-06-13T10:49:00Z,Dissolved Oxygen,0.473,8.37,mg/L,YSI_EXO2,302_2025-06-13 10:49_0.473_LDOd_4,HoldingPond_profiles_2025.xlsx_302_13June,3,2025-08-08
514,302,2025-06-13T10:49:00Z,Specific Conductance,0.473,73.5,uS/cm,YSI_EXO2,302_2025-06-13 10:49_0.473_SPCD_4,HoldingPond_profiles_2025.xlsx_302_13June,4,2025-08-08
515,302,2025-06-13T10:49:00Z,pH,0.473,7.13,pH,YSI_EXO2,302_2025-06-13 10:49_0.473_pH_4,HoldingPond_profiles_2025.xlsx_302_13June,5,2025-08-08
516,302,2025-06-13T10:49:00Z,Turbidity FNU,0.473,0.45,FNU,YSI_EXO2,302_2025-06-13 10:49_0.473_TUR-FNU_4,HoldingPond_profiles_2025.xlsx_302_13June,6,2025-08-08
517,302,2025-06-13T10:49:00Z,Blue Green Algae RFU,0.473,0.02,RFU,YSI_EXO2,302_2025-06-13 10:49_0.473_BGA-PC-RFU_4,HoldingPond_profiles_2025.xlsx_302_13June,7,2025-08-08
518,302,2025-06-13T10:49:00Z,Blue Green Algae,0.473,0.05,ug/L,YSI_EXO2,302_2025-06-13 10:49_0.473_BGA-PC_4,HoldingPond_profiles_2025.xlsx_302_13June,8,2025-08-08
519,302,2025-06-13T10:49:00Z,Chlorophyll RFU,0.473,0.51,RFU,YSI_EXO2,302_2025-06-13 10:49_0.473_Chl-RFU_4,HoldingPond_profiles_2025.xlsx_302_13June,9,2025-08-08
520,302,2025-06-13T10:49:00Z,Chlorophyll,0.473,1.98,ug/L,YSI_EXO2,302_2025-06-13 10:49_0.473_Chl_4,HoldingPond_profiles_2025.xlsx_302_13June,10,2025-08-08
521,302,2025-06-13T10:50:00Z,Water Temperature,0.997,20.04,Deg-C,YSI_EXO2,302_2025-06-13 10:50_0.997_TWA-C_4,HoldingPond_profiles_2025.xlsx_302_13June,11,2025-08-08
522,302,2025-06-13T10:50:00Z,Oxygen Saturation,0.997,90.7,%,YSI_EXO2,302_2025-06-13 10:50_0.997_LDOs_4,HoldingPond_profiles_2025.xlsx_302_13June,12,2025-08-08
523,302,2025-06-13T10:50:00Z,Dissolved Oxygen,0.997,8.24,mg/L,YSI_EXO2,302_2025-06-13 10:50_0.997_LDOd_4,HoldingPond_profiles_2025.xlsx_302_13June,13,2025-08-08
524,302,2025-06-13T10:50:00Z,Specific Conductance,0.997,72.9,uS/cm,YSI_EXO2,302_2025-06-13 10:50_0.997_SPCD_4,HoldingPond_profiles_2025.xlsx_302_13June,14,2025-08-08
525,302,2025-06-13T10:50:00Z,pH,0.997,6.59,pH,YSI_EXO2,302_2025-06-13 10:50_0.997_pH_4,HoldingPond_profiles_2025.xlsx_302_13June,15,2025-08-08
526,302,2025-06-13T10:50:00Z,Turbidity FNU,0.997,0.53,FNU,YSI_EXO2,302_2025-06-13 10:50_0.997_TUR-FNU_4,HoldingPond_profiles_2025.xlsx_302_13June,16,2025-08-08
527,302,2025-06-13T10:50:00Z,Blue Green Algae RFU,0.997,0.08,RFU,YSI_EXO2,302_2025-06-13 10:50_0.997_BGA-PC-RFU_4,HoldingPond_profiles_2025.xlsx_302_13June,17,2025-08-08
528,302,2025-06-13T10:50:00Z,Blue Green Algae,0.997,0.11,ug/L,YSI_EXO2,302_2025-06-13 10:50_0.997_BGA-PC_4,HoldingPond_profiles_2025.xlsx_302_13June,18,2025-08-08
529,302,2025-06-13T10:50:00Z,Chlorophyll RFU,0.997,0.56,RFU,YSI_EXO2,302_2025-06-13 10:50_0.997_Chl-RFU_4,HoldingPond_profiles_2025.xlsx_302_13June,19,2025-08-08
530,302,2025-06-13T10:50:00Z,Chlorophyll,0.997,2.2,ug/L,YSI_EXO2,302_2025-06-13 10:50_0.997_Chl_4,HoldingPond_profiles_2025.xlsx_302_13June,20,2025-08-08
531,302,2025-06-13T10:52:00Z,Water Temperature,1.507,19.303,Deg-C,YSI_EXO2,302_2025-06-13 10:52_1.507_TWA-C_4,HoldingPond_profiles_2025.xlsx_302_13June,21,2025-08-08
532,302,2025-06-13T10:52:00Z,Oxygen Saturation,1.507,86.8,%,YSI_EXO2,302_2025-06-13 10:52_1.507_LDOs_4,HoldingPond_profiles_2025.xlsx_302_13June,22,2025-08-08
533,302,2025-06-13T10:52:00Z,Dissolved Oxygen,1.507,8,mg/L,YSI_EXO2,302_2025-06-13 10:52_1.507_LDOd_4,HoldingPond_profiles_2025.xlsx_302_13June,23,2025-08-08
534,302,2025-06-13T10:52:00Z,Specific Conductance,1.507,76.8,uS/cm,YSI_EXO2,302_2025-06-13 10:52_1.507_SPCD_4,HoldingPond_profiles_2025.xlsx_302_13June,24,2025-08-08
535,302,2025-06-13T10:52:00Z,pH,1.507,6.45,pH,YSI_EXO2,302_2025-06-13 10:52_1.507_pH_4,HoldingPond_profiles_2025.xlsx_302_13June,25,2025-08-08
536,302,2025-06-13T10:52:00Z,Turbidity FNU,1.507,0.75,FNU,YSI_EXO2,302_2025-06-13 10:52_1.507_TUR-FNU_4,HoldingPond_profiles_2025.xlsx_302_13June,26,2025-08-08
537,302,2025-06-13T10:52:00Z,Blue Green Algae RFU,1.507,0.05,RFU,YSI_EXO2,302_2025-06-13 10:52_1.507_BGA-PC-RFU_4,HoldingPond_profiles_2025.xlsx_302_13June,27,2025-08-08
538,302,2025-06-13T10:52:00Z,Blue Green Algae,1.507,0.08,ug/L,YSI_EXO2,302_2025-06-13 10:52_1.507_BGA-PC_4,HoldingPond_profiles_2025.xlsx_302_13June,28,2025-08-08
539,302,2025-06-13T10:52:00Z,Chlorophyll RFU,1.507,0.59,RFU,YSI_EXO2,302_2025-06-13 10:52_1.507_Chl-RFU_4,HoldingPond_profiles_2025.xlsx_302_13June,29,2025-08-08
540,302,2025-06-13T10:52:00Z,Chlorophyll,1.507,2.31,ug/L,YSI_EXO2,302_2025-06-13 10:52_1.507_Chl_4,HoldingPond_profiles_2025.xlsx_302_13June,30,2025-08-08
541,302,2025-06-13T10:54:00Z,Water Temperature,1.988,17.304,Deg-C,YSI_EXO2,302_2025-06-13 10:54_1.988_TWA-C_4,HoldingPond_profiles_2025.xlsx_302_13June,31,2025-08-08
542,302,2025-06-13T10:54:00Z,Oxygen Saturation,1.988,78.1,%,YSI_EXO2,302_2025-06-13 10:54_1.988_LDOs_4,HoldingPond_profiles_2025.xlsx_302_13June,32,2025-08-08
543,302,2025-06-13T10:54:00Z,Dissolved Oxygen,1.988,7.49,mg/L,YSI_EXO2,302_2025-06-13 10:54_1.988_LDOd_4,HoldingPond_profiles_2025.xlsx_302_13June,33,2025-08-08
544,302,2025-06-13T10:54:00Z,Specific Conductance,1.988,75.4,uS/cm,YSI_EXO2,302_2025-06-13 10:54_1.988_SPCD_4,HoldingPond_profiles_2025.xlsx_302_13June,34,2025-08-08
545,302,2025-06-13T10:54:00Z,pH,1.988,6.28,pH,YSI_EXO2,302_2025-06-13 10:54_1.988_pH_4,HoldingPond_profiles_2025.xlsx_302_13June,35,2025-08-08
546,302,2025-06-13T10:54:00Z,Turbidity FNU,1.988,0.73,FNU,YSI_EXO2,302_2025-06-13 10:54_1.988_TUR-FNU_4,HoldingPond_profiles_2025.xlsx_302_13June,36,2025-08-08
547,302,2025-06-13T10:54:00Z,Blue Green Algae RFU,1.988,0.12,RFU,YSI_EXO2,302_2025-06-13 10:54_1.988_BGA-PC-RFU_4,HoldingPond_profiles_2025.xlsx_302_13June,37,2025-08-08
548,302,2025-06-13T10:54:00Z,Blue Green Algae,1.988,0.15,ug/L,YSI_EXO2,302_2025-06-13 10:54_1.988_BGA-PC_4,HoldingPond_profiles_2025.xlsx_302_13June,38,2025-08-08
549,302,2025-06-13T10:54:00Z,Chlorophyll RFU,1.988,0.52,RFU,YSI_EXO2,302_2025-06-13 10:54_1.988_Chl-RFU_4,HoldingPond_profiles_2025.xlsx_302_13June,39,2025-08-08
550,302,2025-06-13T10:54:00Z,Chlorophyll,1.988,2.03,ug/L,YSI_EXO2,302_2025-06-13 10:54_1.988_Chl_4,HoldingPond_profiles_2025.xlsx_302_13June,40,2025-08-08
551,302,2025-06-13T10:55:00Z,Water Temperature,2.459,16.437,Deg-C,YSI_EXO2,302_2025-06-13 10:55_2.459_TWA-C_4,HoldingPond_profiles_2025.xlsx_302_13June,41,2025-08-08
552,302,2025-06-13T10:55:00Z,Oxygen Saturation,2.459,72.8,%,YSI_EXO2,302_2025-06-13 10:55_2.459_LDOs_4,HoldingPond_profiles_2025.xlsx_302_13June,42,2025-08-08
553,302,2025-06-13T10:55:00Z,Dissolved Oxygen,2.459,7.12,mg/L,YSI_EXO2,302_2025-06-13 10:55_2.459_LDOd_4,HoldingPond_profiles_2025.xlsx_302_13June,43,2025-08-08
554,302,2025-06-13T10:55:00Z,Specific Conductance,2.459,72.4,uS/cm,YSI_EXO2,302_2025-06-13 10:55_2.459_SPCD_4,HoldingPond_profiles_2025.xlsx_302_13June,44,2025-08-08
555,302,2025-06-13T10:55:00Z,pH,2.459,6.16,pH,YSI_EXO2,302_2025-06-13 10:55_2.459_pH_4,HoldingPond_profiles_2025.xlsx_302_13June,45,2025-08-08
556,302,2025-06-13T10:55:00Z,Turbidity FNU,2.459,0.61,FNU,YSI_EXO2,302_2025-06-13 10:55_2.459_TUR-FNU_4,HoldingPond_profiles_2025.xlsx_302_13June,46,2025-08-08
557,302,2025-06-13T10:55:00Z,Blue Green Algae RFU,2.459,0.09,RFU,YSI_EXO2,302_2025-06-13 10:55_2.459_BGA-PC-RFU_4,HoldingPond_profiles_2025.xlsx_302_13June,47,2025-08-08
558,302,2025-06-13T10:55:00Z,Blue Green Algae,2.459,0.12,ug/L,YSI_EXO2,302_2025-06-13 10:55_2.459_BGA-PC_4,HoldingPond_profiles_2025.xlsx_302_13June,48,2025-08-08
559,302,2025-06-13T10:55:00Z,Chlorophyll RFU,2.459,0.48,RFU,YSI_EXO2,302_2025-06-13 10:55_2.459_Chl-RFU_4,HoldingPond_profiles_2025.xlsx_302_13June,49,2025-08-08
560,302,2025-06-13T10:55:00Z,Chlorophyll,2.459,1.85,ug/L,YSI_EXO2,302_2025-06-13 10:55_2.459_Chl_4,HoldingPond_profiles_2025.xlsx_302_13June,50,2025-08-08
561,302,2025-06-13T10:57:00Z,Water Temperature,2.967,14.881,Deg-C,YSI_EXO2,302_2025-06-13 10:57_2.967_TWA-C_4,HoldingPond_profiles_2025.xlsx_302_13June,51,2025-08-08
562,302,2025-06-13T10:57:00Z,Oxygen Saturation,2.967,70.2,%,YSI_EXO2,302_2025-06-13 10:57_2.967_LDOs_4,HoldingPond_profiles_2025.xlsx_302_13June,52,2025-08-08
563,302,2025-06-13T10:57:00Z,Dissolved Oxygen,2.967,7.09,mg/L,YSI_EXO2,302_2025-06-13 10:57_2.967_LDOd_4,HoldingPond_profiles_2025.xlsx_302_13June,53,2025-08-08
564,302,2025-06-13T10:57:00Z,Specific Conductance,2.967,69.7,uS/cm,YSI_EXO2,302_2025-06-13 10:57_2.967_SPCD_4,HoldingPond_profiles_2025.xlsx_302_13June,54,2025-08-08
565,302,2025-06-13T10:57:00Z,pH,2.967,6.11,pH,YSI_EXO2,302_2025-06-13 10:57_2.967_pH_4,HoldingPond_profiles_2025.xlsx_302_13June,55,2025-08-08
566,302,2025-06-13T10:57:00Z,Turbidity FNU,2.967,0.65,FNU,YSI_EXO2,302_2025-06-13 10:57_2.967_TUR-FNU_4,HoldingPond_profiles_2025.xlsx_302_13June,56,2025-08-08
567,302,2025-06-13T10:57:00Z,Blue Green Algae RFU,2.967,0.12,RFU,YSI_EXO2,302_2025-06-13 10:57_2.967_BGA-PC-RFU_4,HoldingPond_profiles_2025.xlsx_302_13June,57,2025-08-08
568,302,2025-06-13T10:57:00Z,Blue Green Algae,2.967,0.15,ug/L,YSI_EXO2,302_2025-06-13 10:57_2.967_BGA-PC_4,HoldingPond_profiles_2025.xlsx_302_13June,58,2025-08-08
569,302,2025-06-13T10:57:00Z,Chlorophyll RFU,2.967,0.51,RFU,YSI_EXO2,302_2025-06-13 10:57_2.967_Chl-RFU_4,HoldingPond_profiles_2025.xlsx_302_13June,59,2025-08-08
570,302,2025-06-13T10:57:00Z,Chlorophyll,2.967,1.97,ug/L,YSI_EXO2,302_2025-06-13 10:57_2.967_Chl_4,HoldingPond_profiles_2025.xlsx_302_13June,60,2025-08-08
571,302,2025-06-13T10:58:00Z,Water Temperature,3.512,12.951,Deg-C,YSI_EXO2,302_2025-06-13 10:58_3.512_TWA-C_4,HoldingPond_profiles_2025.xlsx_302_13June,61,2025-08-08
572,302,2025-06-13T10:58:00Z,Oxygen Saturation,3.512,64.6,%,YSI_EXO2,302_2025-06-13 10:58_3.512_LDOs_4,HoldingPond_profiles_2025.xlsx_302_13June,62,2025-08-08
573,302,2025-06-13T10:58:00Z,Dissolved Oxygen,3.512,6.81,mg/L,YSI_EXO2,302_2025-06-13 10:58_3.512_LDOd_4,HoldingPond_profiles_2025.xlsx_302_13June,63,2025-08-08
574,302,2025-06-13T10:58:00Z,Specific Conductance,3.512,74.1,uS/cm,YSI_EXO2,302_2025-06-13 10:58_3.512_SPCD_4,HoldingPond_profiles_2025.xlsx_302_13June,64,2025-08-08
575,302,2025-06-13T10:58:00Z,pH,3.512,6.06,pH,YSI_EXO2,302_2025-06-13 10:58_3.512_pH_4,HoldingPond_profiles_2025.xlsx_302_13June,65,2025-08-08
576,302,2025-06-13T10:58:00Z,Turbidity FNU,3.512,0.74,FNU,YSI_EXO2,302_2025-06-13 10:58_3.512_TUR-FNU_4,HoldingPond_profiles_2025.xlsx_302_13June,66,2025-08-08
577,302,2025-06-13T10:58:00Z,Blue Green Algae RFU,3.512,0.12,RFU,YSI_EXO2,302_2025-06-13 10:58_3.512_BGA-PC-RFU_4,HoldingPond_profiles_2025.xlsx_302_13June,67,2025-08-08
578,302,2025-06-13T10:58:00Z,Blue Green Algae,3.512,0.15,ug/L,YSI_EXO2,302_2025-06-13 10:58_3.512_BGA-PC_4,HoldingPond_profiles_2025.xlsx_302_13June,68,2025-08-08
579,302,2025-06-13T10:58:00Z,Chlorophyll RFU,3.512,0.49,RFU,YSI_EXO2,302_2025-06-13 10:58_3.512_Chl-RFU_4,HoldingPond_profiles_2025.xlsx_302_13June,69,2025-08-08
580,302,2025-06-13T10:58:00Z,Chlorophyll,3.512,1.89,ug/L,YSI_EXO2,302_2025-06-13 10:58_3.512_Chl_4,HoldingPond_profiles_2025.xlsx_302_13June,70,2025-08-08
581,302,2025-06-13T10:59:00Z,Water Temperature,4.044,11.499,Deg-C,YSI_EXO2,302_2025-06-13 10:59_4.044_TWA-C_4,HoldingPond_profiles_2025.xlsx_302_13June,71,2025-08-08
582,302,2025-06-13T10:59:00Z,Oxygen Saturation,4.044,64.8,%,YSI_EXO2,302_2025-06-13 10:59_4.044_LDOs_4,HoldingPond_profiles_2025.xlsx_302_13June,72,2025-08-08
583,302,2025-06-13T10:59:00Z,Dissolved Oxygen,4.044,7.06,mg/L,YSI_EXO2,302_2025-06-13 10:59_4.044_LDOd_4,HoldingPond_profiles_2025.xlsx_302_13June,73,2025-08-08
584,302,2025-06-13T10:59:00Z,Specific Conductance,4.044,73.4,uS/cm,YSI_EXO2,302_2025-06-13 10:59_4.044_SPCD_4,HoldingPond_profiles_2025.xlsx_302_13June,74,2025-08-08
585,302,2025-06-13T10:59:00Z,pH,4.044,6.07,pH,YSI_EXO2,302_2025-06-13 10:59_4.044_pH_4,HoldingPond_profiles_2025.xlsx_302_13June,75,2025-08-08
586,302,2025-06-13T10:59:00Z,Turbidity FNU,4.044,0.6,FNU,YSI_EXO2,302_2025-06-13 10:59_4.044_TUR-FNU_4,HoldingPond_profiles_2025.xlsx_302_13June,76,2025-08-08
587,302,2025-06-13T10:59:00Z,Blue Green Algae RFU,4.044,0.12,RFU,YSI_EXO2,302_2025-06-13 10:59_4.044_BGA-PC-RFU_4,HoldingPond_profiles_2025.xlsx_302_13June,77,2025-08-08
588,302,2025-06-13T10:59:00Z,Blue Green Algae,4.044,0.15,ug/L,YSI_EXO2,302_2025-06-13 10:59_4.044_BGA-PC_4,HoldingPond_profiles_2025.xlsx_302_13June,78,2025-08-08
589,302,2025-06-13T10:59:00Z,Chlorophyll RFU,4.044,0.45,RFU,YSI_EXO2,302_2025-06-13 10:59_4.044_Chl-RFU_4,HoldingPond_profiles_2025.xlsx_302_13June,79,2025-08-08
590,302,2025-06-13T10:59:00Z,Chlorophyll,4.044,1.72,ug/L,YSI_EXO2,302_2025-06-13 10:59_4.044_Chl_4,HoldingPond_profiles_2025.xlsx_302_13June,80,2025-08-08
591,302,2025-06-13T11:01:00Z,Water Temperature,4.535,10.527,Deg-C,YSI_EXO2,302_2025-06-13 11:01_4.535_TWA-C_4,HoldingPond_profiles_2025.xlsx_302_13June,81,2025-08-08
592,302,2025-06-13T11:01:00Z,Oxygen Saturation,4.535,56.7,%,YSI_EXO2,302_2025-06-13 11:01_4.535_LDOs_4,HoldingPond_profiles_2025.xlsx_302_13June,82,2025-08-08
593,302,2025-06-13T11:01:00Z,Dissolved Oxygen,4.535,6.32,mg/L,YSI_EXO2,302_2025-06-13 11:01_4.535_LDOd_4,HoldingPond_profiles_2025.xlsx_302_13June,83,2025-08-08
594,302,2025-06-13T11:01:00Z,Specific Conductance,4.535,76.4,uS/cm,YSI_EXO2,302_2025-06-13 11:01_4.535_SPCD_4,HoldingPond_profiles_2025.xlsx_302_13June,84,2025-08-08
595,302,2025-06-13T11:01:00Z,pH,4.535,6.03,pH,YSI_EXO2,302_2025-06-13 11:01_4.535_pH_4,HoldingPond_profiles_2025.xlsx_302_13June,85,2025-08-08
596,302,2025-06-13T11:01:00Z,Turbidity FNU,4.535,0.77,FNU,YSI_EXO2,302_2025-06-13 11:01_4.535_TUR-FNU_4,HoldingPond_profiles_2025.xlsx_302_13June,86,2025-08-08
597,302,2025-06-13T11:01:00Z,Blue Green Algae RFU,4.535,0.11,RFU,YSI_EXO2,302_2025-06-13 11:01_4.535_BGA-PC-RFU_4,HoldingPond_profiles_2025.xlsx_302_13June,87,2025-08-08
598,302,2025-06-13T11:01:00Z,Blue Green Algae,4.535,0.14,ug/L,YSI_EXO2,302_2025-06-13 11:01_4.535_BGA-PC_4,HoldingPond_profiles_2025.xlsx_302_13June,88,2025-08-08
599,302,2025-06-13T11:01:00Z,Chlorophyll RFU,4.535,0.34,RFU,YSI_EXO2,302_2025-06-13 11:01_4.535_Chl-RFU_4,HoldingPond_profiles_2025.xlsx_302_13June,89,2025-08-08
600,302,2025-06-13T11:01:00Z,Chlorophyll,4.535,1.3,ug/L,YSI_EXO2,302_2025-06-13 11:01_4.535_Chl_4,HoldingPond_profiles_2025.xlsx_302_13June,90,2025-08-08
601,302,2025-06-13T11:03:00Z,Water Temperature,4.991,9.916,Deg-C,YSI_EXO2,302_2025-06-13 11:03_4.991_TWA-C_4,HoldingPond_profiles_2025.xlsx_302_13June,91,2025-08-08
602,302,2025-06-13T11:03:00Z,Oxygen Saturation,4.991,41,%,YSI_EXO2,302_2025-06-13 11:03_4.991_LDOs_4,HoldingPond_profiles_2025.xlsx_302_13June,92,2025-08-08
603,302,2025-06-13T11:03:00Z,Dissolved Oxygen,4.991,4.63,mg/L,YSI_EXO2,302_2025-06-13 11:03_4.991_LDOd_4,HoldingPond_profiles_2025.xlsx_302_13June,93,2025-08-08
604,302,2025-06-13T11:03:00Z,Specific Conductance,4.991,82.8,uS/cm,YSI_EXO2,302_2025-06-13 11:03_4.991_SPCD_4,HoldingPond_profiles_2025.xlsx_302_13June,94,2025-08-08
605,302,2025-06-13T11:03:00Z,pH,4.991,5.74,pH,YSI_EXO2,302_2025-06-13 11:03_4.991_pH_4,HoldingPond_profiles_2025.xlsx_302_13June,95,2025-08-08
606,302,2025-06-13T11:03:00Z,Turbidity FNU,4.991,1.47,FNU,YSI_EXO2,302_2025-06-13 11:03_4.991_TUR-FNU_4,HoldingPond_profiles_2025.xlsx_302_13June,96,2025-08-08
607,302,2025-06-13T11:03:00Z,Blue Green Algae RFU,4.991,0.12,RFU,YSI_EXO2,302_2025-06-13 11:03_4.991_BGA-PC-RFU_4,HoldingPond_profiles_2025.xlsx_302_13June,97,2025-08-08
608,302,2025-06-13T11:03:00Z,Blue Green Algae,4.991,0.15,ug/L,YSI_EXO2,302_2025-06-13 11:03_4.991_BGA-PC_4,HoldingPond_profiles_2025.xlsx_302_13June,98,2025-08-08
609,302,2025-06-13T11:03:00Z,Chlorophyll RFU,4.991,0.34,RFU,YSI_EXO2,302_2025-06-13 11:03_4.991_Chl-RFU_4,HoldingPond_profiles_2025.xlsx_302_13June,99,2025-08-08
610,302,2025-06-13T11:03:00Z,Chlorophyll,4.991,1.28,ug/L,YSI_EXO2,302_2025-06-13 11:03_4.991_Chl_4,HoldingPond_profiles_2025.xlsx_302_13June,100,2025-08-08
941,LP1,2025-06-16T09:26:00Z,Water Temperature,0.531,20.544,Deg-C,YSI_EXO2,LP1_2025-06-16 09:26_0.531_TWA-C_4,LongPond_profiles_2025.xlsx_2025-06-lp1,1,2025-08-08
942,LP1,2025-06-16T09:26:00Z,Water Temperature,0.523,20.534,Deg-C,YSI_EXO2,LP1_2025-06-16 09:26_0.523_TWA-C_4,LongPond_profiles_2025.xlsx_2025-06-lp1,2,2025-08-08
943,LP1,2025-06-16T09:26:00Z,Oxygen Saturation,0.531,102.3,%,YSI_EXO2,LP1_2025-06-16 09:26_0.531_LDOs_4,LongPond_profiles_2025.xlsx_2025-06-lp1,3,2025-08-08
944,LP1,2025-06-16T09:26:00Z,Oxygen Saturation,0.523,102.2,%,YSI_EXO2,LP1_2025-06-16 09:26_0.523_LDOs_4,LongPond_profiles_2025.xlsx_2025-06-lp1,4,2025-08-08
945,LP1,2025-06-16T09:26:00Z,Dissolved Oxygen,0.531,9.2,mg/L,YSI_EXO2,LP1_2025-06-16 09:26_0.531_LDOd_4,LongPond_profiles_2025.xlsx_2025-06-lp1,5,2025-08-08
946,LP1,2025-06-16T09:26:00Z,Dissolved Oxygen,0.523,9.19,mg/L,YSI_EXO2,LP1_2025-06-16 09:26_0.523_LDOd_4,LongPond_profiles_2025.xlsx_2025-06-lp1,6,2025-08-08
947,LP1,2025-06-16T09:26:00Z,Specific Conductance,0.531,138.7,uS/cm,YSI_EXO2,LP1_2025-06-16 09:26_0.531_SPCD_4,LongPond_profiles_2025.xlsx_2025-06-lp1,7,2025-08-08
948,LP1,2025-06-16T09:26:00Z,Specific Conductance,0.523,138.7,uS/cm,YSI_EXO2,LP1_2025-06-16 09:26_0.523_SPCD_4,LongPond_profiles_2025.xlsx_2025-06-lp1,8,2025-08-08
949,LP1,2025-06-16T09:26:00Z,pH,0.531,6.49,pH,YSI_EXO2,LP1_2025-06-16 09:26_0.531_pH_4,LongPond_profiles_2025.xlsx_2025-06-lp1,9,2025-08-08
950,LP1,2025-06-16T09:26:00Z,pH,0.523,6.48,pH,YSI_EXO2,LP1_2025-06-16 09:26_0.523_pH_4,LongPond_profiles_2025.xlsx_2025-06-lp1,10,2025-08-08
951,LP1,2025-06-16T09:26:00Z,Turbidity FNU,0.531,0.74,FNU,YSI_EXO2,LP1_2025-06-16 09:26_0.531_TUR-FNU_4,LongPond_profiles_2025.xlsx_2025-06-lp1,11,2025-08-08
952,LP1,2025-06-16T09:26:00Z,Turbidity FNU,0.523,0.61,FNU,YSI_EXO2,LP1_2025-06-16 09:26_0.523_TUR-FNU_4,LongPond_profiles_2025.xlsx_2025-06-lp1,12,2025-08-08
953,LP1,2025-06-16T09:26:00Z,Blue Green Algae RFU,0.531,0.08,RFU,YSI_EXO2,LP1_2025-06-16 09:26_0.531_BGA-PC-RFU_4,LongPond_profiles_2025.xlsx_2025-06-lp1,13,2025-08-08
954,LP1,2025-06-16T09:26:00Z,Blue Green Algae RFU,0.523,0.09,RFU,YSI_EXO2,LP1_2025-06-16 09:26_0.523_BGA-PC-RFU_4,LongPond_profiles_2025.xlsx_2025-06-lp1,14,2025-08-08
955,LP1,2025-06-16T09:26:00Z,Blue Green Algae,0.531,0.11,ug/L,YSI_EXO2,LP1_2025-06-16 09:26_0.531_BGA-PC_4,LongPond_profiles_2025.xlsx_2025-06-lp1,15,2025-08-08
956,LP1,2025-06-16T09:26:00Z,Blue Green Algae,0.523,0.12,ug/L,YSI_EXO2,LP1_2025-06-16 09:26_0.523_BGA-PC_4,LongPond_profiles_2025.xlsx_2025-06-lp1,16,2025-08-08
957,LP1,2025-06-16T09:26:00Z,Chlorophyll RFU,0.531,0.37,RFU,YSI_EXO2,LP1_2025-06-16 09:26_0.531_Chl-RFU_4,LongPond_profiles_2025.xlsx_2025-06-lp1,17,2025-08-08
958,LP1,2025-06-16T09:26:00Z,Chlorophyll RFU,0.523,0.28,RFU,YSI_EXO2,LP1_2025-06-16 09:26_0.523_Chl-RFU_4,LongPond_profiles_2025.xlsx_2025-06-lp1,18,2025-08-08
959,LP1,2025-06-16T09:26:00Z,Chlorophyll,0.531,1.44,ug/L,YSI_EXO2,LP1_2025-06-16 09:26_0.531_Chl_4,LongPond_profiles_2025.xlsx_2025-06-lp1,19,2025-08-08
960,LP1,2025-06-16T09:26:00Z,Chlorophyll,0.523,1.06,ug/L,YSI_EXO2,LP1_2025-06-16 09:26_0.523_Chl_4,LongPond_profiles_2025.xlsx_2025-06-lp1,20,2025-08-08
961,LP1,2025-06-16T09:27:00Z,Water Temperature,0.991,20.42,Deg-C,YSI_EXO2,LP1_2025-06-16 09:27_0.991_TWA-C_4,LongPond_profiles_2025.xlsx_2025-06-lp1,21,2025-08-08
962,LP1,2025-06-16T09:27:00Z,Oxygen Saturation,0.991,102,%,YSI_EXO2,LP1_2025-06-16 09:27_0.991_LDOs_4,LongPond_profiles_2025.xlsx_2025-06-lp1,22,2025-08-08
963,LP1,2025-06-16T09:27:00Z,Dissolved Oxygen,0.991,9.2,mg/L,YSI_EXO2,LP1_2025-06-16 09:27_0.991_LDOd_4,LongPond_profiles_2025.xlsx_2025-06-lp1,23,2025-08-08
964,LP1,2025-06-16T09:27:00Z,Specific Conductance,0.991,139,uS/cm,YSI_EXO2,LP1_2025-06-16 09:27_0.991_SPCD_4,LongPond_profiles_2025.xlsx_2025-06-lp1,24,2025-08-08
965,LP1,2025-06-16T09:27:00Z,pH,0.991,6.49,pH,YSI_EXO2,LP1_2025-06-16 09:27_0.991_pH_4,LongPond_profiles_2025.xlsx_2025-06-lp1,25,2025-08-08
966,LP1,2025-06-16T09:27:00Z,Turbidity FNU,0.991,0.63,FNU,YSI_EXO2,LP1_2025-06-16 09:27_0.991_TUR-FNU_4,LongPond_profiles_2025.xlsx_2025-06-lp1,26,2025-08-08
967,LP1,2025-06-16T09:27:00Z,Blue Green Algae RFU,0.991,0.08,RFU,YSI_EXO2,LP1_2025-06-16 09:27_0.991_BGA-PC-RFU_4,LongPond_profiles_2025.xlsx_2025-06-lp1,27,2025-08-08
968,LP1,2025-06-16T09:27:00Z,Blue Green Algae,0.991,0.11,ug/L,YSI_EXO2,LP1_2025-06-16 09:27_0.991_BGA-PC_4,LongPond_profiles_2025.xlsx_2025-06-lp1,28,2025-08-08
969,LP1,2025-06-16T09:27:00Z,Chlorophyll RFU,0.991,0.24,RFU,YSI_EXO2,LP1_2025-06-16 09:27_0.991_Chl-RFU_4,LongPond_profiles_2025.xlsx_2025-06-lp1,29,2025-08-08
970,LP1,2025-06-16T09:27:00Z,Chlorophyll,0.991,0.88,ug/L,YSI_EXO2,LP1_2025-06-16 09:27_0.991_Chl_4,LongPond_profiles_2025.xlsx_2025-06-lp1,30,2025-08-08
971,LP1,2025-06-16T09:28:00Z,Water Temperature,1.989,20.254,Deg-C,YSI_EXO2,LP1_2025-06-16 09:28_1.989_TWA-C_4,LongPond_profiles_2025.xlsx_2025-06-lp1,31,2025-08-08
972,LP1,2025-06-16T09:28:00Z,Water Temperature,1.97,20.258,Deg-C,YSI_EXO2,LP1_2025-06-16 09:28_1.97_TWA-C_4,LongPond_profiles_2025.xlsx_2025-06-lp1,32,2025-08-08
973,LP1,2025-06-16T09:28:00Z,Water Temperature,1.483,20.307,Deg-C,YSI_EXO2,LP1_2025-06-16 09:28_1.483_TWA-C_4,LongPond_profiles_2025.xlsx_2025-06-lp1,33,2025-08-08
974,LP1,2025-06-16T09:28:00Z,Oxygen Saturation,1.989,101.2,%,YSI_EXO2,LP1_2025-06-16 09:28_1.989_LDOs_4,LongPond_profiles_2025.xlsx_2025-06-lp1,34,2025-08-08
975,LP1,2025-06-16T09:28:00Z,Oxygen Saturation,1.97,100.9,%,YSI_EXO2,LP1_2025-06-16 09:28_1.97_LDOs_4,LongPond_profiles_2025.xlsx_2025-06-lp1,35,2025-08-08
976,LP1,2025-06-16T09:28:00Z,Oxygen Saturation,1.483,100.8,%,YSI_EXO2,LP1_2025-06-16 09:28_1.483_LDOs_4,LongPond_profiles_2025.xlsx_2025-06-lp1,36,2025-08-08
977,LP1,2025-06-16T09:28:00Z,Dissolved Oxygen,1.989,9.15,mg/L,YSI_EXO2,LP1_2025-06-16 09:28_1.989_LDOd_4,LongPond_profiles_2025.xlsx_2025-06-lp1,37,2025-08-08
978,LP1,2025-06-16T09:28:00Z,Dissolved Oxygen,1.97,9.12,mg/L,YSI_EXO2,LP1_2025-06-16 09:28_1.97_LDOd_4,LongPond_profiles_2025.xlsx_2025-06-lp1,38,2025-08-08
979,LP1,2025-06-16T09:28:00Z,Dissolved Oxygen,1.483,9.11,mg/L,YSI_EXO2,LP1_2025-06-16 09:28_1.483_LDOd_4,LongPond_profiles_2025.xlsx_2025-06-lp1,39,2025-08-08
980,LP1,2025-06-16T09:28:00Z,Specific Conductance,1.989,138.4,uS/cm,YSI_EXO2,LP1_2025-06-16 09:28_1.989_SPCD_4,LongPond_profiles_2025.xlsx_2025-06-lp1,40,2025-08-08
981,LP1,2025-06-16T09:28:00Z,Specific Conductance,1.97,138.4,uS/cm,YSI_EXO2,LP1_2025-06-16 09:28_1.97_SPCD_4,LongPond_profiles_2025.xlsx_2025-06-lp1,41,2025-08-08
982,LP1,2025-06-16T09:28:00Z,Specific Conductance,1.483,138.8,uS/cm,YSI_EXO2,LP1_2025-06-16 09:28_1.483_SPCD_4,LongPond_profiles_2025.xlsx_2025-06-lp1,42,2025-08-08
983,LP1,2025-06-16T09:28:00Z,pH,1.989,6.49,pH,YSI_EXO2,LP1_2025-06-16 09:28_1.989_pH_4,LongPond_profiles_2025.xlsx_2025-06-lp1,43,2025-08-08
984,LP1,2025-06-16T09:28:00Z,pH,1.97,6.48,pH,YSI_EXO2,LP1_2025-06-16 09:28_1.97_pH_4,LongPond_profiles_2025.xlsx_2025-06-lp1,44,2025-08-08
985,LP1,2025-06-16T09:28:00Z,pH,1.483,6.47,pH,YSI_EXO2,LP1_2025-06-16 09:28_1.483_pH_4,LongPond_profiles_2025.xlsx_2025-06-lp1,45,2025-08-08
986,LP1,2025-06-16T09:28:00Z,Turbidity FNU,1.989,0.72,FNU,YSI_EXO2,LP1_2025-06-16 09:28_1.989_TUR-FNU_4,LongPond_profiles_2025.xlsx_2025-06-lp1,46,2025-08-08
611,301,2025-07-21T12:44:00Z,Water Temperature,0.529,26.748,Deg-C,YSI_EXO2,301_2025-07-21 12:44_0.529_TWA-C_4,HoldingPond_profiles_2025.xlsx_301_21July,1,2025-08-08
612,301,2025-07-21T12:44:00Z,Oxygen Saturation,0.529,90.4,%,YSI_EXO2,301_2025-07-21 12:44_0.529_LDOs_4,HoldingPond_profiles_2025.xlsx_301_21July,2,2025-08-08
613,301,2025-07-21T12:44:00Z,Dissolved Oxygen,0.529,7.24,mg/L,YSI_EXO2,301_2025-07-21 12:44_0.529_LDOd_4,HoldingPond_profiles_2025.xlsx_301_21July,3,2025-08-08
614,301,2025-07-21T12:44:00Z,Specific Conductance,0.529,64,uS/cm,YSI_EXO2,301_2025-07-21 12:44_0.529_SPCD_4,HoldingPond_profiles_2025.xlsx_301_21July,4,2025-08-08
615,301,2025-07-21T12:44:00Z,pH,0.529,6.46,pH,YSI_EXO2,301_2025-07-21 12:44_0.529_pH_4,HoldingPond_profiles_2025.xlsx_301_21July,5,2025-08-08
616,301,2025-07-21T12:44:00Z,Turbidity FNU,0.529,0.97,FNU,YSI_EXO2,301_2025-07-21 12:44_0.529_TUR-FNU_4,HoldingPond_profiles_2025.xlsx_301_21July,6,2025-08-08
617,301,2025-07-21T12:44:00Z,Blue Green Algae RFU,0.529,-0.03,RFU,YSI_EXO2,301_2025-07-21 12:44_0.529_BGA-PC-RFU_4,HoldingPond_profiles_2025.xlsx_301_21July,7,2025-08-08
618,301,2025-07-21T12:44:00Z,Blue Green Algae,0.529,0.04,ug/L,YSI_EXO2,301_2025-07-21 12:44_0.529_BGA-PC_4,HoldingPond_profiles_2025.xlsx_301_21July,8,2025-08-08
619,301,2025-07-21T12:44:00Z,Chlorophyll RFU,0.529,0.66,RFU,YSI_EXO2,301_2025-07-21 12:44_0.529_Chl-RFU_4,HoldingPond_profiles_2025.xlsx_301_21July,9,2025-08-08
620,301,2025-07-21T12:44:00Z,Chlorophyll,0.529,2.83,ug/L,YSI_EXO2,301_2025-07-21 12:44_0.529_Chl_4,HoldingPond_profiles_2025.xlsx_301_21July,10,2025-08-08
621,301,2025-07-21T12:45:00Z,Water Temperature,1.495,26.642,Deg-C,YSI_EXO2,301_2025-07-21 12:45_1.495_TWA-C_4,HoldingPond_profiles_2025.xlsx_301_21July,11,2025-08-08
622,301,2025-07-21T12:45:00Z,Water Temperature,0.977,26.685,Deg-C,YSI_EXO2,301_2025-07-21 12:45_0.977_TWA-C_4,HoldingPond_profiles_2025.xlsx_301_21July,12,2025-08-08
623,301,2025-07-21T12:45:00Z,Oxygen Saturation,1.495,89.6,%,YSI_EXO2,301_2025-07-21 12:45_1.495_LDOs_4,HoldingPond_profiles_2025.xlsx_301_21July,13,2025-08-08
624,301,2025-07-21T12:45:00Z,Oxygen Saturation,0.977,89.9,%,YSI_EXO2,301_2025-07-21 12:45_0.977_LDOs_4,HoldingPond_profiles_2025.xlsx_301_21July,14,2025-08-08
625,301,2025-07-21T12:45:00Z,Dissolved Oxygen,1.495,7.19,mg/L,YSI_EXO2,301_2025-07-21 12:45_1.495_LDOd_4,HoldingPond_profiles_2025.xlsx_301_21July,15,2025-08-08
626,301,2025-07-21T12:45:00Z,Dissolved Oxygen,0.977,7.2,mg/L,YSI_EXO2,301_2025-07-21 12:45_0.977_LDOd_4,HoldingPond_profiles_2025.xlsx_301_21July,16,2025-08-08
627,301,2025-07-21T12:45:00Z,Specific Conductance,1.495,64,uS/cm,YSI_EXO2,301_2025-07-21 12:45_1.495_SPCD_4,HoldingPond_profiles_2025.xlsx_301_21July,17,2025-08-08
628,301,2025-07-21T12:45:00Z,Specific Conductance,0.977,64,uS/cm,YSI_EXO2,301_2025-07-21 12:45_0.977_SPCD_4,HoldingPond_profiles_2025.xlsx_301_21July,18,2025-08-08
629,301,2025-07-21T12:45:00Z,pH,1.495,6.5,pH,YSI_EXO2,301_2025-07-21 12:45_1.495_pH_4,HoldingPond_profiles_2025.xlsx_301_21July,19,2025-08-08
630,301,2025-07-21T12:45:00Z,pH,0.977,6.49,pH,YSI_EXO2,301_2025-07-21 12:45_0.977_pH_4,HoldingPond_profiles_2025.xlsx_301_21July,20,2025-08-08
631,301,2025-07-21T12:45:00Z,Turbidity FNU,1.495,0.97,FNU,YSI_EXO2,301_2025-07-21 12:45_1.495_TUR-FNU_4,HoldingPond_profiles_2025.xlsx_301_21July,21,2025-08-08
632,301,2025-07-21T12:45:00Z,Turbidity FNU,0.977,0.93,FNU,YSI_EXO2,301_2025-07-21 12:45_0.977_TUR-FNU_4,HoldingPond_profiles_2025.xlsx_301_21July,22,2025-08-08
633,301,2025-07-21T12:45:00Z,Blue Green Algae RFU,1.495,-0.1,RFU,YSI_EXO2,301_2025-07-21 12:45_1.495_BGA-PC-RFU_4,HoldingPond_profiles_2025.xlsx_301_21July,23,2025-08-08
634,301,2025-07-21T12:45:00Z,Blue Green Algae RFU,0.977,-0.08,RFU,YSI_EXO2,301_2025-07-21 12:45_0.977_BGA-PC-RFU_4,HoldingPond_profiles_2025.xlsx_301_21July,24,2025-08-08
635,301,2025-07-21T12:45:00Z,Blue Green Algae,1.495,-0.04,ug/L,YSI_EXO2,301_2025-07-21 12:45_1.495_BGA-PC_4,HoldingPond_profiles_2025.xlsx_301_21July,25,2025-08-08
636,301,2025-07-21T12:45:00Z,Blue Green Algae,0.977,-0.02,ug/L,YSI_EXO2,301_2025-07-21 12:45_0.977_BGA-PC_4,HoldingPond_profiles_2025.xlsx_301_21July,26,2025-08-08
637,301,2025-07-21T12:45:00Z,Chlorophyll RFU,1.495,0.85,RFU,YSI_EXO2,301_2025-07-21 12:45_1.495_Chl-RFU_4,HoldingPond_profiles_2025.xlsx_301_21July,27,2025-08-08
638,301,2025-07-21T12:45:00Z,Chlorophyll RFU,0.977,0.91,RFU,YSI_EXO2,301_2025-07-21 12:45_0.977_Chl-RFU_4,HoldingPond_profiles_2025.xlsx_301_21July,28,2025-08-08
639,301,2025-07-21T12:45:00Z,Chlorophyll,1.495,3.59,ug/L,YSI_EXO2,301_2025-07-21 12:45_1.495_Chl_4,HoldingPond_profiles_2025.xlsx_301_21July,29,2025-08-08
640,301,2025-07-21T12:45:00Z,Chlorophyll,0.977,3.84,ug/L,YSI_EXO2,301_2025-07-21 12:45_0.977_Chl_4,HoldingPond_profiles_2025.xlsx_301_21July,30,2025-08-08
641,301,2025-07-21T12:46:00Z,Water Temperature,2.026,26.567,Deg-C,YSI_EXO2,301_2025-07-21 12:46_2.026_TWA-C_4,HoldingPond_profiles_2025.xlsx_301_21July,31,2025-08-08
642,301,2025-07-21T12:46:00Z,Oxygen Saturation,2.026,88.8,%,YSI_EXO2,301_2025-07-21 12:46_2.026_LDOs_4,HoldingPond_profiles_2025.xlsx_301_21July,32,2025-08-08
643,301,2025-07-21T12:46:00Z,Dissolved Oxygen,2.026,7.13,mg/L,YSI_EXO2,301_2025-07-21 12:46_2.026_LDOd_4,HoldingPond_profiles_2025.xlsx_301_21July,33,2025-08-08
644,301,2025-07-21T12:46:00Z,Specific Conductance,2.026,63.9,uS/cm,YSI_EXO2,301_2025-07-21 12:46_2.026_SPCD_4,HoldingPond_profiles_2025.xlsx_301_21July,34,2025-08-08
645,301,2025-07-21T12:46:00Z,pH,2.026,6.48,pH,YSI_EXO2,301_2025-07-21 12:46_2.026_pH_4,HoldingPond_profiles_2025.xlsx_301_21July,35,2025-08-08
646,301,2025-07-21T12:46:00Z,Turbidity FNU,2.026,0.94,FNU,YSI_EXO2,301_2025-07-21 12:46_2.026_TUR-FNU_4,HoldingPond_profiles_2025.xlsx_301_21July,36,2025-08-08
647,301,2025-07-21T12:46:00Z,Blue Green Algae RFU,2.026,-0.06,RFU,YSI_EXO2,301_2025-07-21 12:46_2.026_BGA-PC-RFU_4,HoldingPond_profiles_2025.xlsx_301_21July,37,2025-08-08
648,301,2025-07-21T12:46:00Z,Blue Green Algae,2.026,0,ug/L,YSI_EXO2,301_2025-07-21 12:46_2.026_BGA-PC_4,HoldingPond_profiles_2025.xlsx_301_21July,38,2025-08-08
649,301,2025-07-21T12:46:00Z,Chlorophyll RFU,2.026,0.82,RFU,YSI_EXO2,301_2025-07-21 12:46_2.026_Chl-RFU_4,HoldingPond_profiles_2025.xlsx_301_21July,39,2025-08-08
650,301,2025-07-21T12:46:00Z,Chlorophyll,2.026,3.49,ug/L,YSI_EXO2,301_2025-07-21 12:46_2.026_Chl_4,HoldingPond_profiles_2025.xlsx_301_21July,40,2025-08-08
651,301,2025-07-21T12:47:00Z,Water Temperature,2.512,26.474,Deg-C,YSI_EXO2,301_2025-07-21 12:47_2.512_TWA-C_4,HoldingPond_profiles_2025.xlsx_301_21July,41,2025-08-08
652,301,2025-07-21T12:47:00Z,Oxygen Saturation,2.512,87.7,%,YSI_EXO2,301_2025-07-21 12:47_2.512_LDOs_4,HoldingPond_profiles_2025.xlsx_301_21July,42,2025-08-08
653,301,2025-07-21T12:47:00Z,Dissolved Oxygen,2.512,7.06,mg/L,YSI_EXO2,301_2025-07-21 12:47_2.512_LDOd_4,HoldingPond_profiles_2025.xlsx_301_21July,43,2025-08-08
654,301,2025-07-21T12:47:00Z,Specific Conductance,2.512,63.9,uS/cm,YSI_EXO2,301_2025-07-21 12:47_2.512_SPCD_4,HoldingPond_profiles_2025.xlsx_301_21July,44,2025-08-08
655,301,2025-07-21T12:47:00Z,pH,2.512,6.52,pH,YSI_EXO2,301_2025-07-21 12:47_2.512_pH_4,HoldingPond_profiles_2025.xlsx_301_21July,45,2025-08-08
656,301,2025-07-21T12:47:00Z,Turbidity FNU,2.512,0.98,FNU,YSI_EXO2,301_2025-07-21 12:47_2.512_TUR-FNU_4,HoldingPond_profiles_2025.xlsx_301_21July,46,2025-08-08
657,301,2025-07-21T12:47:00Z,Blue Green Algae RFU,2.512,-0.05,RFU,YSI_EXO2,301_2025-07-21 12:47_2.512_BGA-PC-RFU_4,HoldingPond_profiles_2025.xlsx_301_21July,47,2025-08-08
658,301,2025-07-21T12:47:00Z,Blue Green Algae,2.512,0.02,ug/L,YSI_EXO2,301_2025-07-21 12:47_2.512_BGA-PC_4,HoldingPond_profiles_2025.xlsx_301_21July,48,2025-08-08
659,301,2025-07-21T12:47:00Z,Chlorophyll RFU,2.512,0.8,RFU,YSI_EXO2,301_2025-07-21 12:47_2.512_Chl-RFU_4,HoldingPond_profiles_2025.xlsx_301_21July,49,2025-08-08
660,301,2025-07-21T12:47:00Z,Chlorophyll,2.512,3.38,ug/L,YSI_EXO2,301_2025-07-21 12:47_2.512_Chl_4,HoldingPond_profiles_2025.xlsx_301_21July,50,2025-08-08
661,301,2025-07-21T12:48:00Z,Water Temperature,2.977,26.267,Deg-C,YSI_EXO2,301_2025-07-21 12:48_2.977_TWA-C_4,HoldingPond_profiles_2025.xlsx_301_21July,51,2025-08-08
662,301,2025-07-21T12:48:00Z,Oxygen Saturation,2.977,84.8,%,YSI_EXO2,301_2025-07-21 12:48_2.977_LDOs_4,HoldingPond_profiles_2025.xlsx_301_21July,52,2025-08-08
663,301,2025-07-21T12:48:00Z,Dissolved Oxygen,2.977,6.84,mg/L,YSI_EXO2,301_2025-07-21 12:48_2.977_LDOd_4,HoldingPond_profiles_2025.xlsx_301_21July,53,2025-08-08
664,301,2025-07-21T12:48:00Z,Specific Conductance,2.977,63.9,uS/cm,YSI_EXO2,301_2025-07-21 12:48_2.977_SPCD_4,HoldingPond_profiles_2025.xlsx_301_21July,54,2025-08-08
665,301,2025-07-21T12:48:00Z,pH,2.977,6.45,pH,YSI_EXO2,301_2025-07-21 12:48_2.977_pH_4,HoldingPond_profiles_2025.xlsx_301_21July,55,2025-08-08
666,301,2025-07-21T12:48:00Z,Turbidity FNU,2.977,0.98,FNU,YSI_EXO2,301_2025-07-21 12:48_2.977_TUR-FNU_4,HoldingPond_profiles_2025.xlsx_301_21July,56,2025-08-08
667,301,2025-07-21T12:48:00Z,Blue Green Algae RFU,2.977,-0.09,RFU,YSI_EXO2,301_2025-07-21 12:48_2.977_BGA-PC-RFU_4,HoldingPond_profiles_2025.xlsx_301_21July,57,2025-08-08
668,301,2025-07-21T12:48:00Z,Blue Green Algae,2.977,-0.03,ug/L,YSI_EXO2,301_2025-07-21 12:48_2.977_BGA-PC_4,HoldingPond_profiles_2025.xlsx_301_21July,58,2025-08-08
669,301,2025-07-21T12:48:00Z,Chlorophyll RFU,2.977,0.82,RFU,YSI_EXO2,301_2025-07-21 12:48_2.977_Chl-RFU_4,HoldingPond_profiles_2025.xlsx_301_21July,59,2025-08-08
670,301,2025-07-21T12:48:00Z,Chlorophyll,2.977,3.47,ug/L,YSI_EXO2,301_2025-07-21 12:48_2.977_Chl_4,HoldingPond_profiles_2025.xlsx_301_21July,60,2025-08-08
671,301,2025-07-21T12:50:00Z,Water Temperature,3.529,24.469,Deg-C,YSI_EXO2,301_2025-07-21 12:50_3.529_TWA-C_4,HoldingPond_profiles_2025.xlsx_301_21July,61,2025-08-08
672,301,2025-07-21T12:50:00Z,Oxygen Saturation,3.529,44.6,%,YSI_EXO2,301_2025-07-21 12:50_3.529_LDOs_4,HoldingPond_profiles_2025.xlsx_301_21July,62,2025-08-08
673,301,2025-07-21T12:50:00Z,Dissolved Oxygen,3.529,3.72,mg/L,YSI_EXO2,301_2025-07-21 12:50_3.529_LDOd_4,HoldingPond_profiles_2025.xlsx_301_21July,63,2025-08-08
674,301,2025-07-21T12:50:00Z,Specific Conductance,3.529,64.6,uS/cm,YSI_EXO2,301_2025-07-21 12:50_3.529_SPCD_4,HoldingPond_profiles_2025.xlsx_301_21July,64,2025-08-08
675,301,2025-07-21T12:50:00Z,pH,3.529,6.04,pH,YSI_EXO2,301_2025-07-21 12:50_3.529_pH_4,HoldingPond_profiles_2025.xlsx_301_21July,65,2025-08-08
676,301,2025-07-21T12:50:00Z,Turbidity FNU,3.529,1.76,FNU,YSI_EXO2,301_2025-07-21 12:50_3.529_TUR-FNU_4,HoldingPond_profiles_2025.xlsx_301_21July,66,2025-08-08
677,301,2025-07-21T12:50:00Z,Blue Green Algae RFU,3.529,-0.01,RFU,YSI_EXO2,301_2025-07-21 12:50_3.529_BGA-PC-RFU_4,HoldingPond_profiles_2025.xlsx_301_21July,67,2025-08-08
678,301,2025-07-21T12:50:00Z,Blue Green Algae,3.529,0.06,ug/L,YSI_EXO2,301_2025-07-21 12:50_3.529_BGA-PC_4,HoldingPond_profiles_2025.xlsx_301_21July,68,2025-08-08
679,301,2025-07-21T12:50:00Z,Chlorophyll RFU,3.529,0.76,RFU,YSI_EXO2,301_2025-07-21 12:50_3.529_Chl-RFU_4,HoldingPond_profiles_2025.xlsx_301_21July,69,2025-08-08
680,301,2025-07-21T12:50:00Z,Chlorophyll,3.529,3.26,ug/L,YSI_EXO2,301_2025-07-21 12:50_3.529_Chl_4,HoldingPond_profiles_2025.xlsx_301_21July,70,2025-08-08
681,301,2025-07-21T12:52:00Z,Water Temperature,4.044,19.491,Deg-C,YSI_EXO2,301_2025-07-21 12:52_4.044_TWA-C_4,HoldingPond_profiles_2025.xlsx_301_21July,71,2025-08-08
682,301,2025-07-21T12:52:00Z,Oxygen Saturation,4.044,3.1,%,YSI_EXO2,301_2025-07-21 12:52_4.044_LDOs_4,HoldingPond_profiles_2025.xlsx_301_21July,72,2025-08-08
683,301,2025-07-21T12:52:00Z,Dissolved Oxygen,4.044,0.29,mg/L,YSI_EXO2,301_2025-07-21 12:52_4.044_LDOd_4,HoldingPond_profiles_2025.xlsx_301_21July,73,2025-08-08
684,301,2025-07-21T12:52:00Z,Specific Conductance,4.044,68.9,uS/cm,YSI_EXO2,301_2025-07-21 12:52_4.044_SPCD_4,HoldingPond_profiles_2025.xlsx_301_21July,74,2025-08-08
685,301,2025-07-21T12:52:00Z,pH,4.044,5.95,pH,YSI_EXO2,301_2025-07-21 12:52_4.044_pH_4,HoldingPond_profiles_2025.xlsx_301_21July,75,2025-08-08
686,301,2025-07-21T12:52:00Z,Turbidity FNU,4.044,2.24,FNU,YSI_EXO2,301_2025-07-21 12:52_4.044_TUR-FNU_4,HoldingPond_profiles_2025.xlsx_301_21July,76,2025-08-08
687,301,2025-07-21T12:52:00Z,Blue Green Algae RFU,4.044,0.11,RFU,YSI_EXO2,301_2025-07-21 12:52_4.044_BGA-PC-RFU_4,HoldingPond_profiles_2025.xlsx_301_21July,77,2025-08-08
688,301,2025-07-21T12:52:00Z,Blue Green Algae,4.044,0.18,ug/L,YSI_EXO2,301_2025-07-21 12:52_4.044_BGA-PC_4,HoldingPond_profiles_2025.xlsx_301_21July,78,2025-08-08
689,301,2025-07-21T12:52:00Z,Chlorophyll RFU,4.044,0.91,RFU,YSI_EXO2,301_2025-07-21 12:52_4.044_Chl-RFU_4,HoldingPond_profiles_2025.xlsx_301_21July,79,2025-08-08
690,301,2025-07-21T12:52:00Z,Chlorophyll,4.044,3.83,ug/L,YSI_EXO2,301_2025-07-21 12:52_4.044_Chl_4,HoldingPond_profiles_2025.xlsx_301_21July,80,2025-08-08
691,lp1,2025-05-08T09:34:00Z,Water Temperature,0.526,16.378,Deg-C,YSI_EXO2,lp1_2025-05-08 09:34_0.526_TWA-C_4,LongPond_profiles_2025.xlsx_2025-05_lp1,1,2025-08-08
692,lp1,2025-05-08T09:34:00Z,Oxygen Saturation,0.526,98.5,%,YSI_EXO2,lp1_2025-05-08 09:34_0.526_LDOs_4,LongPond_profiles_2025.xlsx_2025-05_lp1,2,2025-08-08
693,lp1,2025-05-08T09:34:00Z,Dissolved Oxygen,0.526,9.64,mg/L,YSI_EXO2,lp1_2025-05-08 09:34_0.526_LDOd_4,LongPond_profiles_2025.xlsx_2025-05_lp1,3,2025-08-08
694,lp1,2025-05-08T09:34:00Z,Specific Conductance,0.526,152.3,uS/cm,YSI_EXO2,lp1_2025-05-08 09:34_0.526_SPCD_4,LongPond_profiles_2025.xlsx_2025-05_lp1,4,2025-08-08
695,lp1,2025-05-08T09:34:00Z,pH,0.526,7.16,pH,YSI_EXO2,lp1_2025-05-08 09:34_0.526_pH_4,LongPond_profiles_2025.xlsx_2025-05_lp1,5,2025-08-08
696,lp1,2025-05-08T09:34:00Z,Turbidity FNU,0.526,0.45,FNU,YSI_EXO2,lp1_2025-05-08 09:34_0.526_TUR-FNU_4,LongPond_profiles_2025.xlsx_2025-05_lp1,6,2025-08-08
697,lp1,2025-05-08T09:34:00Z,Blue Green Algae RFU,0.526,0.06,RFU,YSI_EXO2,lp1_2025-05-08 09:34_0.526_BGA-PC-RFU_4,LongPond_profiles_2025.xlsx_2025-05_lp1,7,2025-08-08
698,lp1,2025-05-08T09:34:00Z,Blue Green Algae,0.526,0.07,ug/L,YSI_EXO2,lp1_2025-05-08 09:34_0.526_BGA-PC_4,LongPond_profiles_2025.xlsx_2025-05_lp1,8,2025-08-08
699,lp1,2025-05-08T09:34:00Z,Chlorophyll RFU,0.526,0.11,RFU,YSI_EXO2,lp1_2025-05-08 09:34_0.526_Chl-RFU_4,LongPond_profiles_2025.xlsx_2025-05_lp1,9,2025-08-08
700,lp1,2025-05-08T09:34:00Z,Chlorophyll,0.526,0.58,ug/L,YSI_EXO2,lp1_2025-05-08 09:34_0.526_Chl_4,LongPond_profiles_2025.xlsx_2025-05_lp1,10,2025-08-08
701,lp1,2025-05-08T09:35:00Z,Water Temperature,0.965,16.276,Deg-C,YSI_EXO2,lp1_2025-05-08 09:35_0.965_TWA-C_4,LongPond_profiles_2025.xlsx_2025-05_lp1,11,2025-08-08
702,lp1,2025-05-08T09:35:00Z,Oxygen Saturation,0.965,98.6,%,YSI_EXO2,lp1_2025-05-08 09:35_0.965_LDOs_4,LongPond_profiles_2025.xlsx_2025-05_lp1,12,2025-08-08
703,lp1,2025-05-08T09:35:00Z,Dissolved Oxygen,0.965,9.67,mg/L,YSI_EXO2,lp1_2025-05-08 09:35_0.965_LDOd_4,LongPond_profiles_2025.xlsx_2025-05_lp1,13,2025-08-08
704,lp1,2025-05-08T09:35:00Z,Specific Conductance,0.965,152.1,uS/cm,YSI_EXO2,lp1_2025-05-08 09:35_0.965_SPCD_4,LongPond_profiles_2025.xlsx_2025-05_lp1,14,2025-08-08
705,lp1,2025-05-08T09:35:00Z,pH,0.965,6.96,pH,YSI_EXO2,lp1_2025-05-08 09:35_0.965_pH_4,LongPond_profiles_2025.xlsx_2025-05_lp1,15,2025-08-08
706,lp1,2025-05-08T09:35:00Z,Turbidity FNU,0.965,0.46,FNU,YSI_EXO2,lp1_2025-05-08 09:35_0.965_TUR-FNU_4,LongPond_profiles_2025.xlsx_2025-05_lp1,16,2025-08-08
707,lp1,2025-05-08T09:35:00Z,Blue Green Algae RFU,0.965,0.09,RFU,YSI_EXO2,lp1_2025-05-08 09:35_0.965_BGA-PC-RFU_4,LongPond_profiles_2025.xlsx_2025-05_lp1,17,2025-08-08
708,lp1,2025-05-08T09:35:00Z,Blue Green Algae,0.965,0.1,ug/L,YSI_EXO2,lp1_2025-05-08 09:35_0.965_BGA-PC_4,LongPond_profiles_2025.xlsx_2025-05_lp1,18,2025-08-08
709,lp1,2025-05-08T09:35:00Z,Chlorophyll RFU,0.965,0.11,RFU,YSI_EXO2,lp1_2025-05-08 09:35_0.965_Chl-RFU_4,LongPond_profiles_2025.xlsx_2025-05_lp1,19,2025-08-08
710,lp1,2025-05-08T09:35:00Z,Chlorophyll,0.965,0.58,ug/L,YSI_EXO2,lp1_2025-05-08 09:35_0.965_Chl_4,LongPond_profiles_2025.xlsx_2025-05_lp1,20,2025-08-08
711,lp1,2025-05-08T09:36:00Z,Water Temperature,1.567,16.246,Deg-C,YSI_EXO2,lp1_2025-05-08 09:36_1.567_TWA-C_4,LongPond_profiles_2025.xlsx_2025-05_lp1,21,2025-08-08
712,lp1,2025-05-08T09:36:00Z,Water Temperature,1.995,16.223,Deg-C,YSI_EXO2,lp1_2025-05-08 09:36_1.995_TWA-C_4,LongPond_profiles_2025.xlsx_2025-05_lp1,22,2025-08-08
713,lp1,2025-05-08T09:36:00Z,Oxygen Saturation,1.567,98.7,%,YSI_EXO2,lp1_2025-05-08 09:36_1.567_LDOs_4,LongPond_profiles_2025.xlsx_2025-05_lp1,23,2025-08-08
714,lp1,2025-05-08T09:36:00Z,Oxygen Saturation,1.995,98.7,%,YSI_EXO2,lp1_2025-05-08 09:36_1.995_LDOs_4,LongPond_profiles_2025.xlsx_2025-05_lp1,24,2025-08-08
715,lp1,2025-05-08T09:36:00Z,Dissolved Oxygen,1.567,9.69,mg/L,YSI_EXO2,lp1_2025-05-08 09:36_1.567_LDOd_4,LongPond_profiles_2025.xlsx_2025-05_lp1,25,2025-08-08
716,lp1,2025-05-08T09:36:00Z,Dissolved Oxygen,1.995,9.69,mg/L,YSI_EXO2,lp1_2025-05-08 09:36_1.995_LDOd_4,LongPond_profiles_2025.xlsx_2025-05_lp1,26,2025-08-08
717,lp1,2025-05-08T09:36:00Z,Specific Conductance,1.567,151.9,uS/cm,YSI_EXO2,lp1_2025-05-08 09:36_1.567_SPCD_4,LongPond_profiles_2025.xlsx_2025-05_lp1,27,2025-08-08
718,lp1,2025-05-08T09:36:00Z,Specific Conductance,1.995,151.5,uS/cm,YSI_EXO2,lp1_2025-05-08 09:36_1.995_SPCD_4,LongPond_profiles_2025.xlsx_2025-05_lp1,28,2025-08-08
719,lp1,2025-05-08T09:36:00Z,pH,1.567,6.91,pH,YSI_EXO2,lp1_2025-05-08 09:36_1.567_pH_4,LongPond_profiles_2025.xlsx_2025-05_lp1,29,2025-08-08
720,lp1,2025-05-08T09:36:00Z,pH,1.995,6.89,pH,YSI_EXO2,lp1_2025-05-08 09:36_1.995_pH_4,LongPond_profiles_2025.xlsx_2025-05_lp1,30,2025-08-08
721,lp1,2025-05-08T09:36:00Z,Turbidity FNU,1.567,0.47,FNU,YSI_EXO2,lp1_2025-05-08 09:36_1.567_TUR-FNU_4,LongPond_profiles_2025.xlsx_2025-05_lp1,31,2025-08-08
722,lp1,2025-05-08T09:36:00Z,Turbidity FNU,1.995,0.47,FNU,YSI_EXO2,lp1_2025-05-08 09:36_1.995_TUR-FNU_4,LongPond_profiles_2025.xlsx_2025-05_lp1,32,2025-08-08
723,lp1,2025-05-08T09:36:00Z,Blue Green Algae RFU,1.567,0.07,RFU,YSI_EXO2,lp1_2025-05-08 09:36_1.567_BGA-PC-RFU_4,LongPond_profiles_2025.xlsx_2025-05_lp1,33,2025-08-08
724,lp1,2025-05-08T09:36:00Z,Blue Green Algae RFU,1.995,0.06,RFU,YSI_EXO2,lp1_2025-05-08 09:36_1.995_BGA-PC-RFU_4,LongPond_profiles_2025.xlsx_2025-05_lp1,34,2025-08-08
725,lp1,2025-05-08T09:36:00Z,Blue Green Algae,1.567,0.08,ug/L,YSI_EXO2,lp1_2025-05-08 09:36_1.567_BGA-PC_4,LongPond_profiles_2025.xlsx_2025-05_lp1,35,2025-08-08
726,lp1,2025-05-08T09:36:00Z,Blue Green Algae,1.995,0.08,ug/L,YSI_EXO2,lp1_2025-05-08 09:36_1.995_BGA-PC_4,LongPond_profiles_2025.xlsx_2025-05_lp1,36,2025-08-08
727,lp1,2025-05-08T09:36:00Z,Chlorophyll RFU,1.567,0.1,RFU,YSI_EXO2,lp1_2025-05-08 09:36_1.567_Chl-RFU_4,LongPond_profiles_2025.xlsx_2025-05_lp1,37,2025-08-08
728,lp1,2025-05-08T09:36:00Z,Chlorophyll RFU,1.995,0.15,RFU,YSI_EXO2,lp1_2025-05-08 09:36_1.995_Chl-RFU_4,LongPond_profiles_2025.xlsx_2025-05_lp1,38,2025-08-08
729,lp1,2025-05-08T09:36:00Z,Chlorophyll,1.567,0.56,ug/L,YSI_EXO2,lp1_2025-05-08 09:36_1.567_Chl_4,LongPond_profiles_2025.xlsx_2025-05_lp1,39,2025-08-08
730,lp1,2025-05-08T09:36:00Z,Chlorophyll,1.995,0.71,ug/L,YSI_EXO2,lp1_2025-05-08 09:36_1.995_Chl_4,LongPond_profiles_2025.xlsx_2025-05_lp1,40,2025-08-08
731,lp1,2025-05-08T09:37:00Z,Water Temperature,2.496,16.199,Deg-C,YSI_EXO2,lp1_2025-05-08 09:37_2.496_TWA-C_4,LongPond_profiles_2025.xlsx_2025-05_lp1,41,2025-08-08
732,lp1,2025-05-08T09:37:00Z,Oxygen Saturation,2.496,98.6,%,YSI_EXO2,lp1_2025-05-08 09:37_2.496_LDOs_4,LongPond_profiles_2025.xlsx_2025-05_lp1,42,2025-08-08
733,lp1,2025-05-08T09:37:00Z,Dissolved Oxygen,2.496,9.69,mg/L,YSI_EXO2,lp1_2025-05-08 09:37_2.496_LDOd_4,LongPond_profiles_2025.xlsx_2025-05_lp1,43,2025-08-08
734,lp1,2025-05-08T09:37:00Z,Specific Conductance,2.496,151.4,uS/cm,YSI_EXO2,lp1_2025-05-08 09:37_2.496_SPCD_4,LongPond_profiles_2025.xlsx_2025-05_lp1,44,2025-08-08
735,lp1,2025-05-08T09:37:00Z,pH,2.496,6.86,pH,YSI_EXO2,lp1_2025-05-08 09:37_2.496_pH_4,LongPond_profiles_2025.xlsx_2025-05_lp1,45,2025-08-08
736,lp1,2025-05-08T09:37:00Z,Turbidity FNU,2.496,0.46,FNU,YSI_EXO2,lp1_2025-05-08 09:37_2.496_TUR-FNU_4,LongPond_profiles_2025.xlsx_2025-05_lp1,46,2025-08-08
737,lp1,2025-05-08T09:37:00Z,Blue Green Algae RFU,2.496,0.06,RFU,YSI_EXO2,lp1_2025-05-08 09:37_2.496_BGA-PC-RFU_4,LongPond_profiles_2025.xlsx_2025-05_lp1,47,2025-08-08
738,lp1,2025-05-08T09:37:00Z,Blue Green Algae,2.496,0.07,ug/L,YSI_EXO2,lp1_2025-05-08 09:37_2.496_BGA-PC_4,LongPond_profiles_2025.xlsx_2025-05_lp1,48,2025-08-08
739,lp1,2025-05-08T09:37:00Z,Chlorophyll RFU,2.496,0.15,RFU,YSI_EXO2,lp1_2025-05-08 09:37_2.496_Chl-RFU_4,LongPond_profiles_2025.xlsx_2025-05_lp1,49,2025-08-08
740,lp1,2025-05-08T09:37:00Z,Chlorophyll,2.496,0.71,ug/L,YSI_EXO2,lp1_2025-05-08 09:37_2.496_Chl_4,LongPond_profiles_2025.xlsx_2025-05_lp1,50,2025-08-08
741,lp1,2025-05-08T09:38:00Z,Water Temperature,2.968,16.039,Deg-C,YSI_EXO2,lp1_2025-05-08 09:38_2.968_TWA-C_4,LongPond_profiles_2025.xlsx_2025-05_lp1,51,2025-08-08
742,lp1,2025-05-08T09:38:00Z,Oxygen Saturation,2.968,98.2,%,YSI_EXO2,lp1_2025-05-08 09:38_2.968_LDOs_4,LongPond_profiles_2025.xlsx_2025-05_lp1,52,2025-08-08
743,lp1,2025-05-08T09:38:00Z,Dissolved Oxygen,2.968,9.68,mg/L,YSI_EXO2,lp1_2025-05-08 09:38_2.968_LDOd_4,LongPond_profiles_2025.xlsx_2025-05_lp1,53,2025-08-08
744,lp1,2025-05-08T09:38:00Z,Specific Conductance,2.968,151.5,uS/cm,YSI_EXO2,lp1_2025-05-08 09:38_2.968_SPCD_4,LongPond_profiles_2025.xlsx_2025-05_lp1,54,2025-08-08
745,lp1,2025-05-08T09:38:00Z,pH,2.968,6.84,pH,YSI_EXO2,lp1_2025-05-08 09:38_2.968_pH_4,LongPond_profiles_2025.xlsx_2025-05_lp1,55,2025-08-08
746,lp1,2025-05-08T09:38:00Z,Turbidity FNU,2.968,0.46,FNU,YSI_EXO2,lp1_2025-05-08 09:38_2.968_TUR-FNU_4,LongPond_profiles_2025.xlsx_2025-05_lp1,56,2025-08-08
747,lp1,2025-05-08T09:38:00Z,Blue Green Algae RFU,2.968,0.07,RFU,YSI_EXO2,lp1_2025-05-08 09:38_2.968_BGA-PC-RFU_4,LongPond_profiles_2025.xlsx_2025-05_lp1,57,2025-08-08
748,lp1,2025-05-08T09:38:00Z,Blue Green Algae,2.968,0.08,ug/L,YSI_EXO2,lp1_2025-05-08 09:38_2.968_BGA-PC_4,LongPond_profiles_2025.xlsx_2025-05_lp1,58,2025-08-08
749,lp1,2025-05-08T09:38:00Z,Chlorophyll RFU,2.968,0.18,RFU,YSI_EXO2,lp1_2025-05-08 09:38_2.968_Chl-RFU_4,LongPond_profiles_2025.xlsx_2025-05_lp1,59,2025-08-08
750,lp1,2025-05-08T09:38:00Z,Chlorophyll,2.968,0.84,ug/L,YSI_EXO2,lp1_2025-05-08 09:38_2.968_Chl_4,LongPond_profiles_2025.xlsx_2025-05_lp1,60,2025-08-08
751,LP2,2025-05-08T09:58:00Z,Water Temperature,0.477,16.459,Deg-C,YSI_EXO2,LP2_2025-05-08 09:58_0.477_TWA-C_4,LongPond_profiles_2025.xlsx_2025-05-lp2,1,2025-08-08
752,LP2,2025-05-08T09:58:00Z,Water Temperature,0.979,16.33,Deg-C,YSI_EXO2,LP2_2025-05-08 09:58_0.979_TWA-C_4,LongPond_profiles_2025.xlsx_2025-05-lp2,2,2025-08-08
753,LP2,2025-05-08T09:58:00Z,Oxygen Saturation,0.477,98.2,%,YSI_EXO2,LP2_2025-05-08 09:58_0.477_LDOs_4,LongPond_profiles_2025.xlsx_2025-05-lp2,3,2025-08-08
754,LP2,2025-05-08T09:58:00Z,Oxygen Saturation,0.979,98.5,%,YSI_EXO2,LP2_2025-05-08 09:58_0.979_LDOs_4,LongPond_profiles_2025.xlsx_2025-05-lp2,4,2025-08-08
755,LP2,2025-05-08T09:58:00Z,Dissolved Oxygen,0.477,9.6,mg/L,YSI_EXO2,LP2_2025-05-08 09:58_0.477_LDOd_4,LongPond_profiles_2025.xlsx_2025-05-lp2,5,2025-08-08
756,LP2,2025-05-08T09:58:00Z,Dissolved Oxygen,0.979,9.65,mg/L,YSI_EXO2,LP2_2025-05-08 09:58_0.979_LDOd_4,LongPond_profiles_2025.xlsx_2025-05-lp2,6,2025-08-08
757,LP2,2025-05-08T09:58:00Z,Specific Conductance,0.477,146.5,uS/cm,YSI_EXO2,LP2_2025-05-08 09:58_0.477_SPCD_4,LongPond_profiles_2025.xlsx_2025-05-lp2,7,2025-08-08
758,LP2,2025-05-08T09:58:00Z,Specific Conductance,0.979,146.5,uS/cm,YSI_EXO2,LP2_2025-05-08 09:58_0.979_SPCD_4,LongPond_profiles_2025.xlsx_2025-05-lp2,8,2025-08-08
759,LP2,2025-05-08T09:58:00Z,pH,0.477,7.01,pH,YSI_EXO2,LP2_2025-05-08 09:58_0.477_pH_4,LongPond_profiles_2025.xlsx_2025-05-lp2,9,2025-08-08
760,LP2,2025-05-08T09:58:00Z,pH,0.979,6.91,pH,YSI_EXO2,LP2_2025-05-08 09:58_0.979_pH_4,LongPond_profiles_2025.xlsx_2025-05-lp2,10,2025-08-08
761,LP2,2025-05-08T09:58:00Z,Turbidity FNU,0.477,0.36,FNU,YSI_EXO2,LP2_2025-05-08 09:58_0.477_TUR-FNU_4,LongPond_profiles_2025.xlsx_2025-05-lp2,11,2025-08-08
762,LP2,2025-05-08T09:58:00Z,Turbidity FNU,0.979,0.4,FNU,YSI_EXO2,LP2_2025-05-08 09:58_0.979_TUR-FNU_4,LongPond_profiles_2025.xlsx_2025-05-lp2,12,2025-08-08
763,LP2,2025-05-08T09:58:00Z,Blue Green Algae RFU,0.477,-0.02,RFU,YSI_EXO2,LP2_2025-05-08 09:58_0.477_BGA-PC-RFU_4,LongPond_profiles_2025.xlsx_2025-05-lp2,13,2025-08-08
764,LP2,2025-05-08T09:58:00Z,Blue Green Algae RFU,0.979,0.05,RFU,YSI_EXO2,LP2_2025-05-08 09:58_0.979_BGA-PC-RFU_4,LongPond_profiles_2025.xlsx_2025-05-lp2,14,2025-08-08
765,LP2,2025-05-08T09:58:00Z,Blue Green Algae,0.477,0,ug/L,YSI_EXO2,LP2_2025-05-08 09:58_0.477_BGA-PC_4,LongPond_profiles_2025.xlsx_2025-05-lp2,15,2025-08-08
766,LP2,2025-05-08T09:58:00Z,Blue Green Algae,0.979,0.06,ug/L,YSI_EXO2,LP2_2025-05-08 09:58_0.979_BGA-PC_4,LongPond_profiles_2025.xlsx_2025-05-lp2,16,2025-08-08
767,LP2,2025-05-08T09:58:00Z,Chlorophyll RFU,0.477,0.08,RFU,YSI_EXO2,LP2_2025-05-08 09:58_0.477_Chl-RFU_4,LongPond_profiles_2025.xlsx_2025-05-lp2,17,2025-08-08
768,LP2,2025-05-08T09:58:00Z,Chlorophyll RFU,0.979,0.1,RFU,YSI_EXO2,LP2_2025-05-08 09:58_0.979_Chl-RFU_4,LongPond_profiles_2025.xlsx_2025-05-lp2,18,2025-08-08
769,LP2,2025-05-08T09:58:00Z,Chlorophyll,0.477,0.47,ug/L,YSI_EXO2,LP2_2025-05-08 09:58_0.477_Chl_4,LongPond_profiles_2025.xlsx_2025-05-lp2,19,2025-08-08
770,LP2,2025-05-08T09:58:00Z,Chlorophyll,0.979,0.54,ug/L,YSI_EXO2,LP2_2025-05-08 09:58_0.979_Chl_4,LongPond_profiles_2025.xlsx_2025-05-lp2,20,2025-08-08
771,LP2,2025-05-08T09:59:00Z,Water Temperature,1.473,16.214,Deg-C,YSI_EXO2,LP2_2025-05-08 09:59_1.473_TWA-C_4,LongPond_profiles_2025.xlsx_2025-05-lp2,21,2025-08-08
772,LP2,2025-05-08T09:59:00Z,Water Temperature,2.021,16.175,Deg-C,YSI_EXO2,LP2_2025-05-08 09:59_2.021_TWA-C_4,LongPond_profiles_2025.xlsx_2025-05-lp2,22,2025-08-08
773,LP2,2025-05-08T09:59:00Z,Water Temperature,2.539,16.115,Deg-C,YSI_EXO2,LP2_2025-05-08 09:59_2.539_TWA-C_4,LongPond_profiles_2025.xlsx_2025-05-lp2,23,2025-08-08
774,LP2,2025-05-08T09:59:00Z,Oxygen Saturation,1.473,98.5,%,YSI_EXO2,LP2_2025-05-08 09:59_1.473_LDOs_4,LongPond_profiles_2025.xlsx_2025-05-lp2,24,2025-08-08
775,LP2,2025-05-08T09:59:00Z,Oxygen Saturation,2.021,98.4,%,YSI_EXO2,LP2_2025-05-08 09:59_2.021_LDOs_4,LongPond_profiles_2025.xlsx_2025-05-lp2,25,2025-08-08
776,LP2,2025-05-08T09:59:00Z,Oxygen Saturation,2.539,98.1,%,YSI_EXO2,LP2_2025-05-08 09:59_2.539_LDOs_4,LongPond_profiles_2025.xlsx_2025-05-lp2,26,2025-08-08
777,LP2,2025-05-08T09:59:00Z,Dissolved Oxygen,1.473,9.67,mg/L,YSI_EXO2,LP2_2025-05-08 09:59_1.473_LDOd_4,LongPond_profiles_2025.xlsx_2025-05-lp2,27,2025-08-08
778,LP2,2025-05-08T09:59:00Z,Dissolved Oxygen,2.021,9.67,mg/L,YSI_EXO2,LP2_2025-05-08 09:59_2.021_LDOd_4,LongPond_profiles_2025.xlsx_2025-05-lp2,28,2025-08-08
779,LP2,2025-05-08T09:59:00Z,Dissolved Oxygen,2.539,9.66,mg/L,YSI_EXO2,LP2_2025-05-08 09:59_2.539_LDOd_4,LongPond_profiles_2025.xlsx_2025-05-lp2,29,2025-08-08
780,LP2,2025-05-08T09:59:00Z,Specific Conductance,1.473,146.4,uS/cm,YSI_EXO2,LP2_2025-05-08 09:59_1.473_SPCD_4,LongPond_profiles_2025.xlsx_2025-05-lp2,30,2025-08-08
781,LP2,2025-05-08T09:59:00Z,Specific Conductance,2.021,146.5,uS/cm,YSI_EXO2,LP2_2025-05-08 09:59_2.021_SPCD_4,LongPond_profiles_2025.xlsx_2025-05-lp2,31,2025-08-08
782,LP2,2025-05-08T09:59:00Z,Specific Conductance,2.539,146.5,uS/cm,YSI_EXO2,LP2_2025-05-08 09:59_2.539_SPCD_4,LongPond_profiles_2025.xlsx_2025-05-lp2,32,2025-08-08
783,LP2,2025-05-08T09:59:00Z,pH,1.473,6.86,pH,YSI_EXO2,LP2_2025-05-08 09:59_1.473_pH_4,LongPond_profiles_2025.xlsx_2025-05-lp2,33,2025-08-08
784,LP2,2025-05-08T09:59:00Z,pH,2.021,6.85,pH,YSI_EXO2,LP2_2025-05-08 09:59_2.021_pH_4,LongPond_profiles_2025.xlsx_2025-05-lp2,34,2025-08-08
785,LP2,2025-05-08T09:59:00Z,pH,2.539,6.83,pH,YSI_EXO2,LP2_2025-05-08 09:59_2.539_pH_4,LongPond_profiles_2025.xlsx_2025-05-lp2,35,2025-08-08
786,LP2,2025-05-08T09:59:00Z,Turbidity FNU,1.473,0.47,FNU,YSI_EXO2,LP2_2025-05-08 09:59_1.473_TUR-FNU_4,LongPond_profiles_2025.xlsx_2025-05-lp2,36,2025-08-08
787,LP2,2025-05-08T09:59:00Z,Turbidity FNU,2.021,0.48,FNU,YSI_EXO2,LP2_2025-05-08 09:59_2.021_TUR-FNU_4,LongPond_profiles_2025.xlsx_2025-05-lp2,37,2025-08-08
788,LP2,2025-05-08T09:59:00Z,Turbidity FNU,2.539,0.39,FNU,YSI_EXO2,LP2_2025-05-08 09:59_2.539_TUR-FNU_4,LongPond_profiles_2025.xlsx_2025-05-lp2,38,2025-08-08
789,LP2,2025-05-08T09:59:00Z,Blue Green Algae RFU,1.473,0.06,RFU,YSI_EXO2,LP2_2025-05-08 09:59_1.473_BGA-PC-RFU_4,LongPond_profiles_2025.xlsx_2025-05-lp2,39,2025-08-08
790,LP2,2025-05-08T09:59:00Z,Blue Green Algae RFU,2.021,0.07,RFU,YSI_EXO2,LP2_2025-05-08 09:59_2.021_BGA-PC-RFU_4,LongPond_profiles_2025.xlsx_2025-05-lp2,40,2025-08-08
791,LP2,2025-05-08T09:59:00Z,Blue Green Algae RFU,2.539,0.03,RFU,YSI_EXO2,LP2_2025-05-08 09:59_2.539_BGA-PC-RFU_4,LongPond_profiles_2025.xlsx_2025-05-lp2,41,2025-08-08
792,LP2,2025-05-08T09:59:00Z,Blue Green Algae,1.473,0.07,ug/L,YSI_EXO2,LP2_2025-05-08 09:59_1.473_BGA-PC_4,LongPond_profiles_2025.xlsx_2025-05-lp2,42,2025-08-08
793,LP2,2025-05-08T09:59:00Z,Blue Green Algae,2.021,0.08,ug/L,YSI_EXO2,LP2_2025-05-08 09:59_2.021_BGA-PC_4,LongPond_profiles_2025.xlsx_2025-05-lp2,43,2025-08-08
794,LP2,2025-05-08T09:59:00Z,Blue Green Algae,2.539,0.04,ug/L,YSI_EXO2,LP2_2025-05-08 09:59_2.539_BGA-PC_4,LongPond_profiles_2025.xlsx_2025-05-lp2,44,2025-08-08
795,LP2,2025-05-08T09:59:00Z,Chlorophyll RFU,1.473,0.13,RFU,YSI_EXO2,LP2_2025-05-08 09:59_1.473_Chl-RFU_4,LongPond_profiles_2025.xlsx_2025-05-lp2,45,2025-08-08
796,LP2,2025-05-08T09:59:00Z,Chlorophyll RFU,2.021,0.1,RFU,YSI_EXO2,LP2_2025-05-08 09:59_2.021_Chl-RFU_4,LongPond_profiles_2025.xlsx_2025-05-lp2,46,2025-08-08
797,LP2,2025-05-08T09:59:00Z,Chlorophyll RFU,2.539,0.11,RFU,YSI_EXO2,LP2_2025-05-08 09:59_2.539_Chl-RFU_4,LongPond_profiles_2025.xlsx_2025-05-lp2,47,2025-08-08
798,LP2,2025-05-08T09:59:00Z,Chlorophyll,1.473,0.64,ug/L,YSI_EXO2,LP2_2025-05-08 09:59_1.473_Chl_4,LongPond_profiles_2025.xlsx_2025-05-lp2,48,2025-08-08
799,LP2,2025-05-08T09:59:00Z,Chlorophyll,2.021,0.55,ug/L,YSI_EXO2,LP2_2025-05-08 09:59_2.021_Chl_4,LongPond_profiles_2025.xlsx_2025-05-lp2,49,2025-08-08
800,LP2,2025-05-08T09:59:00Z,Chlorophyll,2.539,0.57,ug/L,YSI_EXO2,LP2_2025-05-08 09:59_2.539_Chl_4,LongPond_profiles_2025.xlsx_2025-05-lp2,50,2025-08-08
801,LP2,2025-05-08T10:00:00Z,Water Temperature,3.004,16.086,Deg-C,YSI_EXO2,LP2_2025-05-08 10:00_3.004_TWA-C_4,LongPond_profiles_2025.xlsx_2025-05-lp2,51,2025-08-08
802,LP2,2025-05-08T10:00:00Z,Water Temperature,3.494,15.994,Deg-C,YSI_EXO2,LP2_2025-05-08 10:00_3.494_TWA-C_4,LongPond_profiles_2025.xlsx_2025-05-lp2,52,2025-08-08
803,LP2,2025-05-08T10:00:00Z,Oxygen Saturation,3.004,97.8,%,YSI_EXO2,LP2_2025-05-08 10:00_3.004_LDOs_4,LongPond_profiles_2025.xlsx_2025-05-lp2,53,2025-08-08
804,LP2,2025-05-08T10:00:00Z,Oxygen Saturation,3.494,97.6,%,YSI_EXO2,LP2_2025-05-08 10:00_3.494_LDOs_4,LongPond_profiles_2025.xlsx_2025-05-lp2,54,2025-08-08
805,LP2,2025-05-08T10:00:00Z,Dissolved Oxygen,3.004,9.63,mg/L,YSI_EXO2,LP2_2025-05-08 10:00_3.004_LDOd_4,LongPond_profiles_2025.xlsx_2025-05-lp2,55,2025-08-08
806,LP2,2025-05-08T10:00:00Z,Dissolved Oxygen,3.494,9.63,mg/L,YSI_EXO2,LP2_2025-05-08 10:00_3.494_LDOd_4,LongPond_profiles_2025.xlsx_2025-05-lp2,56,2025-08-08
807,LP2,2025-05-08T10:00:00Z,Specific Conductance,3.004,146.8,uS/cm,YSI_EXO2,LP2_2025-05-08 10:00_3.004_SPCD_4,LongPond_profiles_2025.xlsx_2025-05-lp2,57,2025-08-08
808,LP2,2025-05-08T10:00:00Z,Specific Conductance,3.494,148.9,uS/cm,YSI_EXO2,LP2_2025-05-08 10:00_3.494_SPCD_4,LongPond_profiles_2025.xlsx_2025-05-lp2,58,2025-08-08
809,LP2,2025-05-08T10:00:00Z,pH,3.004,6.82,pH,YSI_EXO2,LP2_2025-05-08 10:00_3.004_pH_4,LongPond_profiles_2025.xlsx_2025-05-lp2,59,2025-08-08
810,LP2,2025-05-08T10:00:00Z,pH,3.494,6.79,pH,YSI_EXO2,LP2_2025-05-08 10:00_3.494_pH_4,LongPond_profiles_2025.xlsx_2025-05-lp2,60,2025-08-08
811,LP2,2025-05-08T10:00:00Z,Turbidity FNU,3.004,0.41,FNU,YSI_EXO2,LP2_2025-05-08 10:00_3.004_TUR-FNU_4,LongPond_profiles_2025.xlsx_2025-05-lp2,61,2025-08-08
812,LP2,2025-05-08T10:00:00Z,Turbidity FNU,3.494,0.43,FNU,YSI_EXO2,LP2_2025-05-08 10:00_3.494_TUR-FNU_4,LongPond_profiles_2025.xlsx_2025-05-lp2,62,2025-08-08
813,LP2,2025-05-08T10:00:00Z,Blue Green Algae RFU,3.004,0.08,RFU,YSI_EXO2,LP2_2025-05-08 10:00_3.004_BGA-PC-RFU_4,LongPond_profiles_2025.xlsx_2025-05-lp2,63,2025-08-08
814,LP2,2025-05-08T10:00:00Z,Blue Green Algae RFU,3.494,0.1,RFU,YSI_EXO2,LP2_2025-05-08 10:00_3.494_BGA-PC-RFU_4,LongPond_profiles_2025.xlsx_2025-05-lp2,64,2025-08-08
815,LP2,2025-05-08T10:00:00Z,Blue Green Algae,3.004,0.09,ug/L,YSI_EXO2,LP2_2025-05-08 10:00_3.004_BGA-PC_4,LongPond_profiles_2025.xlsx_2025-05-lp2,65,2025-08-08
816,LP2,2025-05-08T10:00:00Z,Blue Green Algae,3.494,0.11,ug/L,YSI_EXO2,LP2_2025-05-08 10:00_3.494_BGA-PC_4,LongPond_profiles_2025.xlsx_2025-05-lp2,66,2025-08-08
817,LP2,2025-05-08T10:00:00Z,Chlorophyll RFU,3.004,0.13,RFU,YSI_EXO2,LP2_2025-05-08 10:00_3.004_Chl-RFU_4,LongPond_profiles_2025.xlsx_2025-05-lp2,67,2025-08-08
818,LP2,2025-05-08T10:00:00Z,Chlorophyll RFU,3.494,0.18,RFU,YSI_EXO2,LP2_2025-05-08 10:00_3.494_Chl-RFU_4,LongPond_profiles_2025.xlsx_2025-05-lp2,68,2025-08-08
819,LP2,2025-05-08T10:00:00Z,Chlorophyll,3.004,0.66,ug/L,YSI_EXO2,LP2_2025-05-08 10:00_3.004_Chl_4,LongPond_profiles_2025.xlsx_2025-05-lp2,69,2025-08-08
820,LP2,2025-05-08T10:00:00Z,Chlorophyll,3.494,0.84,ug/L,YSI_EXO2,LP2_2025-05-08 10:00_3.494_Chl_4,LongPond_profiles_2025.xlsx_2025-05-lp2,70,2025-08-08
821,LP2,2025-05-08T10:01:00Z,Water Temperature,4.009,15.735,Deg-C,YSI_EXO2,LP2_2025-05-08 10:01_4.009_TWA-C_4,LongPond_profiles_2025.xlsx_2025-05-lp2,71,2025-08-08
822,LP2,2025-05-08T10:01:00Z,Oxygen Saturation,4.009,97.3,%,YSI_EXO2,LP2_2025-05-08 10:01_4.009_LDOs_4,LongPond_profiles_2025.xlsx_2025-05-lp2,72,2025-08-08
823,LP2,2025-05-08T10:01:00Z,Dissolved Oxygen,4.009,9.65,mg/L,YSI_EXO2,LP2_2025-05-08 10:01_4.009_LDOd_4,LongPond_profiles_2025.xlsx_2025-05-lp2,73,2025-08-08
824,LP2,2025-05-08T10:01:00Z,Specific Conductance,4.009,151.6,uS/cm,YSI_EXO2,LP2_2025-05-08 10:01_4.009_SPCD_4,LongPond_profiles_2025.xlsx_2025-05-lp2,74,2025-08-08
825,LP2,2025-05-08T10:01:00Z,pH,4.009,6.76,pH,YSI_EXO2,LP2_2025-05-08 10:01_4.009_pH_4,LongPond_profiles_2025.xlsx_2025-05-lp2,75,2025-08-08
826,LP2,2025-05-08T10:01:00Z,Turbidity FNU,4.009,0.49,FNU,YSI_EXO2,LP2_2025-05-08 10:01_4.009_TUR-FNU_4,LongPond_profiles_2025.xlsx_2025-05-lp2,76,2025-08-08
827,LP2,2025-05-08T10:01:00Z,Blue Green Algae RFU,4.009,0.09,RFU,YSI_EXO2,LP2_2025-05-08 10:01_4.009_BGA-PC-RFU_4,LongPond_profiles_2025.xlsx_2025-05-lp2,77,2025-08-08
828,LP2,2025-05-08T10:01:00Z,Blue Green Algae,4.009,0.1,ug/L,YSI_EXO2,LP2_2025-05-08 10:01_4.009_BGA-PC_4,LongPond_profiles_2025.xlsx_2025-05-lp2,78,2025-08-08
829,LP2,2025-05-08T10:01:00Z,Chlorophyll RFU,4.009,0.17,RFU,YSI_EXO2,LP2_2025-05-08 10:01_4.009_Chl-RFU_4,LongPond_profiles_2025.xlsx_2025-05-lp2,79,2025-08-08
830,LP2,2025-05-08T10:01:00Z,Chlorophyll,4.009,0.82,ug/L,YSI_EXO2,LP2_2025-05-08 10:01_4.009_Chl_4,LongPond_profiles_2025.xlsx_2025-05-lp2,80,2025-08-08
831,LP2,2025-05-08T10:02:00Z,Water Temperature,4.542,15.511,Deg-C,YSI_EXO2,LP2_2025-05-08 10:02_4.542_TWA-C_4,LongPond_profiles_2025.xlsx_2025-05-lp2,81,2025-08-08
832,LP2,2025-05-08T10:02:00Z,Water Temperature,4.979,14.497,Deg-C,YSI_EXO2,LP2_2025-05-08 10:02_4.979_TWA-C_4,LongPond_profiles_2025.xlsx_2025-05-lp2,82,2025-08-08
833,LP2,2025-05-08T10:02:00Z,Oxygen Saturation,4.542,97.1,%,YSI_EXO2,LP2_2025-05-08 10:02_4.542_LDOs_4,LongPond_profiles_2025.xlsx_2025-05-lp2,83,2025-08-08
834,LP2,2025-05-08T10:02:00Z,Oxygen Saturation,4.979,98.2,%,YSI_EXO2,LP2_2025-05-08 10:02_4.979_LDOs_4,LongPond_profiles_2025.xlsx_2025-05-lp2,84,2025-08-08
835,LP2,2025-05-08T10:02:00Z,Dissolved Oxygen,4.542,9.69,mg/L,YSI_EXO2,LP2_2025-05-08 10:02_4.542_LDOd_4,LongPond_profiles_2025.xlsx_2025-05-lp2,85,2025-08-08
836,LP2,2025-05-08T10:02:00Z,Dissolved Oxygen,4.979,10.01,mg/L,YSI_EXO2,LP2_2025-05-08 10:02_4.979_LDOd_4,LongPond_profiles_2025.xlsx_2025-05-lp2,86,2025-08-08
837,LP2,2025-05-08T10:02:00Z,Specific Conductance,4.542,153.4,uS/cm,YSI_EXO2,LP2_2025-05-08 10:02_4.542_SPCD_4,LongPond_profiles_2025.xlsx_2025-05-lp2,87,2025-08-08
838,LP2,2025-05-08T10:02:00Z,Specific Conductance,4.979,153,uS/cm,YSI_EXO2,LP2_2025-05-08 10:02_4.979_SPCD_4,LongPond_profiles_2025.xlsx_2025-05-lp2,88,2025-08-08
839,LP2,2025-05-08T10:02:00Z,pH,4.542,6.75,pH,YSI_EXO2,LP2_2025-05-08 10:02_4.542_pH_4,LongPond_profiles_2025.xlsx_2025-05-lp2,89,2025-08-08
840,LP2,2025-05-08T10:02:00Z,pH,4.979,6.74,pH,YSI_EXO2,LP2_2025-05-08 10:02_4.979_pH_4,LongPond_profiles_2025.xlsx_2025-05-lp2,90,2025-08-08
841,LP2,2025-05-08T10:02:00Z,Turbidity FNU,4.542,0.47,FNU,YSI_EXO2,LP2_2025-05-08 10:02_4.542_TUR-FNU_4,LongPond_profiles_2025.xlsx_2025-05-lp2,91,2025-08-08
842,LP2,2025-05-08T10:02:00Z,Turbidity FNU,4.979,0.47,FNU,YSI_EXO2,LP2_2025-05-08 10:02_4.979_TUR-FNU_4,LongPond_profiles_2025.xlsx_2025-05-lp2,92,2025-08-08
843,LP2,2025-05-08T10:02:00Z,Blue Green Algae RFU,4.542,0.1,RFU,YSI_EXO2,LP2_2025-05-08 10:02_4.542_BGA-PC-RFU_4,LongPond_profiles_2025.xlsx_2025-05-lp2,93,2025-08-08
844,LP2,2025-05-08T10:02:00Z,Blue Green Algae RFU,4.979,0.12,RFU,YSI_EXO2,LP2_2025-05-08 10:02_4.979_BGA-PC-RFU_4,LongPond_profiles_2025.xlsx_2025-05-lp2,94,2025-08-08
845,LP2,2025-05-08T10:02:00Z,Blue Green Algae,4.542,0.11,ug/L,YSI_EXO2,LP2_2025-05-08 10:02_4.542_BGA-PC_4,LongPond_profiles_2025.xlsx_2025-05-lp2,95,2025-08-08
846,LP2,2025-05-08T10:02:00Z,Blue Green Algae,4.979,0.13,ug/L,YSI_EXO2,LP2_2025-05-08 10:02_4.979_BGA-PC_4,LongPond_profiles_2025.xlsx_2025-05-lp2,96,2025-08-08
847,LP2,2025-05-08T10:02:00Z,Chlorophyll RFU,4.542,0.21,RFU,YSI_EXO2,LP2_2025-05-08 10:02_4.542_Chl-RFU_4,LongPond_profiles_2025.xlsx_2025-05-lp2,97,2025-08-08
848,LP2,2025-05-08T10:02:00Z,Chlorophyll RFU,4.979,0.21,RFU,YSI_EXO2,LP2_2025-05-08 10:02_4.979_Chl-RFU_4,LongPond_profiles_2025.xlsx_2025-05-lp2,98,2025-08-08
849,LP2,2025-05-08T10:02:00Z,Chlorophyll,4.542,0.94,ug/L,YSI_EXO2,LP2_2025-05-08 10:02_4.542_Chl_4,LongPond_profiles_2025.xlsx_2025-05-lp2,99,2025-08-08
850,LP2,2025-05-08T10:02:00Z,Chlorophyll,4.979,0.97,ug/L,YSI_EXO2,LP2_2025-05-08 10:02_4.979_Chl_4,LongPond_profiles_2025.xlsx_2025-05-lp2,100,2025-08-08
851,LP2,2025-05-08T10:04:00Z,Water Temperature,5.536,13.726,Deg-C,YSI_EXO2,LP2_2025-05-08 10:04_5.536_TWA-C_4,LongPond_profiles_2025.xlsx_2025-05-lp2,101,2025-08-08
852,LP2,2025-05-08T10:04:00Z,Oxygen Saturation,5.536,96.9,%,YSI_EXO2,LP2_2025-05-08 10:04_5.536_LDOs_4,LongPond_profiles_2025.xlsx_2025-05-lp2,102,2025-08-08
853,LP2,2025-05-08T10:04:00Z,Dissolved Oxygen,5.536,10.05,mg/L,YSI_EXO2,LP2_2025-05-08 10:04_5.536_LDOd_4,LongPond_profiles_2025.xlsx_2025-05-lp2,103,2025-08-08
854,LP2,2025-05-08T10:04:00Z,Specific Conductance,5.536,151.7,uS/cm,YSI_EXO2,LP2_2025-05-08 10:04_5.536_SPCD_4,LongPond_profiles_2025.xlsx_2025-05-lp2,104,2025-08-08
855,LP2,2025-05-08T10:04:00Z,pH,5.536,6.66,pH,YSI_EXO2,LP2_2025-05-08 10:04_5.536_pH_4,LongPond_profiles_2025.xlsx_2025-05-lp2,105,2025-08-08
856,LP2,2025-05-08T10:04:00Z,Turbidity FNU,5.536,0.48,FNU,YSI_EXO2,LP2_2025-05-08 10:04_5.536_TUR-FNU_4,LongPond_profiles_2025.xlsx_2025-05-lp2,106,2025-08-08
857,LP2,2025-05-08T10:04:00Z,Blue Green Algae RFU,5.536,0.09,RFU,YSI_EXO2,LP2_2025-05-08 10:04_5.536_BGA-PC-RFU_4,LongPond_profiles_2025.xlsx_2025-05-lp2,107,2025-08-08
858,LP2,2025-05-08T10:04:00Z,Blue Green Algae,5.536,0.1,ug/L,YSI_EXO2,LP2_2025-05-08 10:04_5.536_BGA-PC_4,LongPond_profiles_2025.xlsx_2025-05-lp2,108,2025-08-08
859,LP2,2025-05-08T10:04:00Z,Chlorophyll RFU,5.536,0.19,RFU,YSI_EXO2,LP2_2025-05-08 10:04_5.536_Chl-RFU_4,LongPond_profiles_2025.xlsx_2025-05-lp2,109,2025-08-08
860,LP2,2025-05-08T10:04:00Z,Chlorophyll,5.536,0.89,ug/L,YSI_EXO2,LP2_2025-05-08 10:04_5.536_Chl_4,LongPond_profiles_2025.xlsx_2025-05-lp2,110,2025-08-08
861,LP2,2025-05-08T10:07:00Z,Water Temperature,5.964,13.148,Deg-C,YSI_EXO2,LP2_2025-05-08 10:07_5.964_TWA-C_4,LongPond_profiles_2025.xlsx_2025-05-lp2,111,2025-08-08
862,LP2,2025-05-08T10:07:00Z,Oxygen Saturation,5.964,88.4,%,YSI_EXO2,LP2_2025-05-08 10:07_5.964_LDOs_4,LongPond_profiles_2025.xlsx_2025-05-lp2,112,2025-08-08
863,LP2,2025-05-08T10:07:00Z,Dissolved Oxygen,5.964,9.28,mg/L,YSI_EXO2,LP2_2025-05-08 10:07_5.964_LDOd_4,LongPond_profiles_2025.xlsx_2025-05-lp2,113,2025-08-08
864,LP2,2025-05-08T10:07:00Z,Specific Conductance,5.964,152.7,uS/cm,YSI_EXO2,LP2_2025-05-08 10:07_5.964_SPCD_4,LongPond_profiles_2025.xlsx_2025-05-lp2,114,2025-08-08
865,LP2,2025-05-08T10:07:00Z,pH,5.964,6.16,pH,YSI_EXO2,LP2_2025-05-08 10:07_5.964_pH_4,LongPond_profiles_2025.xlsx_2025-05-lp2,115,2025-08-08
866,LP2,2025-05-08T10:07:00Z,Turbidity FNU,5.964,0.62,FNU,YSI_EXO2,LP2_2025-05-08 10:07_5.964_TUR-FNU_4,LongPond_profiles_2025.xlsx_2025-05-lp2,116,2025-08-08
867,LP2,2025-05-08T10:07:00Z,Blue Green Algae RFU,5.964,0.13,RFU,YSI_EXO2,LP2_2025-05-08 10:07_5.964_BGA-PC-RFU_4,LongPond_profiles_2025.xlsx_2025-05-lp2,117,2025-08-08
868,LP2,2025-05-08T10:07:00Z,Blue Green Algae,5.964,0.14,ug/L,YSI_EXO2,LP2_2025-05-08 10:07_5.964_BGA-PC_4,LongPond_profiles_2025.xlsx_2025-05-lp2,118,2025-08-08
869,LP2,2025-05-08T10:07:00Z,Chlorophyll RFU,5.964,0.23,RFU,YSI_EXO2,LP2_2025-05-08 10:07_5.964_Chl-RFU_4,LongPond_profiles_2025.xlsx_2025-05-lp2,119,2025-08-08
870,LP2,2025-05-08T10:07:00Z,Chlorophyll,5.964,1.04,ug/L,YSI_EXO2,LP2_2025-05-08 10:07_5.964_Chl_4,LongPond_profiles_2025.xlsx_2025-05-lp2,120,2025-08-08
871,LP2,2025-05-08T10:09:00Z,Water Temperature,6.501,12.79,Deg-C,YSI_EXO2,LP2_2025-05-08 10:09_6.501_TWA-C_4,LongPond_profiles_2025.xlsx_2025-05-lp2,121,2025-08-08
872,LP2,2025-05-08T10:09:00Z,Oxygen Saturation,6.501,81.6,%,YSI_EXO2,LP2_2025-05-08 10:09_6.501_LDOs_4,LongPond_profiles_2025.xlsx_2025-05-lp2,122,2025-08-08
873,LP2,2025-05-08T10:09:00Z,Dissolved Oxygen,6.501,8.64,mg/L,YSI_EXO2,LP2_2025-05-08 10:09_6.501_LDOd_4,LongPond_profiles_2025.xlsx_2025-05-lp2,123,2025-08-08
874,LP2,2025-05-08T10:09:00Z,Specific Conductance,6.501,152.8,uS/cm,YSI_EXO2,LP2_2025-05-08 10:09_6.501_SPCD_4,LongPond_profiles_2025.xlsx_2025-05-lp2,124,2025-08-08
875,LP2,2025-05-08T10:09:00Z,pH,6.501,6.08,pH,YSI_EXO2,LP2_2025-05-08 10:09_6.501_pH_4,LongPond_profiles_2025.xlsx_2025-05-lp2,125,2025-08-08
876,LP2,2025-05-08T10:09:00Z,Turbidity FNU,6.501,0.91,FNU,YSI_EXO2,LP2_2025-05-08 10:09_6.501_TUR-FNU_4,LongPond_profiles_2025.xlsx_2025-05-lp2,126,2025-08-08
877,LP2,2025-05-08T10:09:00Z,Blue Green Algae RFU,6.501,0.16,RFU,YSI_EXO2,LP2_2025-05-08 10:09_6.501_BGA-PC-RFU_4,LongPond_profiles_2025.xlsx_2025-05-lp2,127,2025-08-08
878,LP2,2025-05-08T10:09:00Z,Blue Green Algae,6.501,0.16,ug/L,YSI_EXO2,LP2_2025-05-08 10:09_6.501_BGA-PC_4,LongPond_profiles_2025.xlsx_2025-05-lp2,128,2025-08-08
879,LP2,2025-05-08T10:09:00Z,Chlorophyll RFU,6.501,0.22,RFU,YSI_EXO2,LP2_2025-05-08 10:09_6.501_Chl-RFU_4,LongPond_profiles_2025.xlsx_2025-05-lp2,129,2025-08-08
880,LP2,2025-05-08T10:09:00Z,Chlorophyll,6.501,0.98,ug/L,YSI_EXO2,LP2_2025-05-08 10:09_6.501_Chl_4,LongPond_profiles_2025.xlsx_2025-05-lp2,130,2025-08-08
987,LP1,2025-06-16T09:28:00Z,Turbidity FNU,1.97,0.61,FNU,YSI_EXO2,LP1_2025-06-16 09:28_1.97_TUR-FNU_4,LongPond_profiles_2025.xlsx_2025-06-lp1,47,2025-08-08
988,LP1,2025-06-16T09:28:00Z,Turbidity FNU,1.483,0.61,FNU,YSI_EXO2,LP1_2025-06-16 09:28_1.483_TUR-FNU_4,LongPond_profiles_2025.xlsx_2025-06-lp1,48,2025-08-08
989,LP1,2025-06-16T09:28:00Z,Blue Green Algae RFU,1.989,0.1,RFU,YSI_EXO2,LP1_2025-06-16 09:28_1.989_BGA-PC-RFU_4,LongPond_profiles_2025.xlsx_2025-06-lp1,49,2025-08-08
990,LP1,2025-06-16T09:28:00Z,Blue Green Algae RFU,1.97,0.08,RFU,YSI_EXO2,LP1_2025-06-16 09:28_1.97_BGA-PC-RFU_4,LongPond_profiles_2025.xlsx_2025-06-lp1,50,2025-08-08
991,LP1,2025-06-16T09:28:00Z,Blue Green Algae RFU,1.483,0.05,RFU,YSI_EXO2,LP1_2025-06-16 09:28_1.483_BGA-PC-RFU_4,LongPond_profiles_2025.xlsx_2025-06-lp1,51,2025-08-08
992,LP1,2025-06-16T09:28:00Z,Blue Green Algae,1.989,0.13,ug/L,YSI_EXO2,LP1_2025-06-16 09:28_1.989_BGA-PC_4,LongPond_profiles_2025.xlsx_2025-06-lp1,52,2025-08-08
993,LP1,2025-06-16T09:28:00Z,Blue Green Algae,1.97,0.11,ug/L,YSI_EXO2,LP1_2025-06-16 09:28_1.97_BGA-PC_4,LongPond_profiles_2025.xlsx_2025-06-lp1,53,2025-08-08
994,LP1,2025-06-16T09:28:00Z,Blue Green Algae,1.483,0.08,ug/L,YSI_EXO2,LP1_2025-06-16 09:28_1.483_BGA-PC_4,LongPond_profiles_2025.xlsx_2025-06-lp1,54,2025-08-08
995,LP1,2025-06-16T09:28:00Z,Chlorophyll RFU,1.989,0.4,RFU,YSI_EXO2,LP1_2025-06-16 09:28_1.989_Chl-RFU_4,LongPond_profiles_2025.xlsx_2025-06-lp1,55,2025-08-08
996,LP1,2025-06-16T09:28:00Z,Chlorophyll RFU,1.97,0.4,RFU,YSI_EXO2,LP1_2025-06-16 09:28_1.97_Chl-RFU_4,LongPond_profiles_2025.xlsx_2025-06-lp1,56,2025-08-08
997,LP1,2025-06-16T09:28:00Z,Chlorophyll RFU,1.483,0.47,RFU,YSI_EXO2,LP1_2025-06-16 09:28_1.483_Chl-RFU_4,LongPond_profiles_2025.xlsx_2025-06-lp1,57,2025-08-08
998,LP1,2025-06-16T09:28:00Z,Chlorophyll,1.989,1.52,ug/L,YSI_EXO2,LP1_2025-06-16 09:28_1.989_Chl_4,LongPond_profiles_2025.xlsx_2025-06-lp1,58,2025-08-08
999,LP1,2025-06-16T09:28:00Z,Chlorophyll,1.97,1.53,ug/L,YSI_EXO2,LP1_2025-06-16 09:28_1.97_Chl_4,LongPond_profiles_2025.xlsx_2025-06-lp1,59,2025-08-08
1000,LP1,2025-06-16T09:28:00Z,Chlorophyll,1.483,1.8,ug/L,YSI_EXO2,LP1_2025-06-16 09:28_1.483_Chl_4,LongPond_profiles_2025.xlsx_2025-06-lp1,60,2025-08-08
1001,LP1,2025-06-16T09:29:00Z,Water Temperature,2.538,20.204,Deg-C,YSI_EXO2,LP1_2025-06-16 09:29_2.538_TWA-C_4,LongPond_profiles_2025.xlsx_2025-06-lp1,61,2025-08-08
1002,LP1,2025-06-16T09:29:00Z,Oxygen Saturation,2.538,99.1,%,YSI_EXO2,LP1_2025-06-16 09:29_2.538_LDOs_4,LongPond_profiles_2025.xlsx_2025-06-lp1,62,2025-08-08
1003,LP1,2025-06-16T09:29:00Z,Dissolved Oxygen,2.538,8.98,mg/L,YSI_EXO2,LP1_2025-06-16 09:29_2.538_LDOd_4,LongPond_profiles_2025.xlsx_2025-06-lp1,63,2025-08-08
1004,LP1,2025-06-16T09:29:00Z,Specific Conductance,2.538,139,uS/cm,YSI_EXO2,LP1_2025-06-16 09:29_2.538_SPCD_4,LongPond_profiles_2025.xlsx_2025-06-lp1,64,2025-08-08
1005,LP1,2025-06-16T09:29:00Z,pH,2.538,6.43,pH,YSI_EXO2,LP1_2025-06-16 09:29_2.538_pH_4,LongPond_profiles_2025.xlsx_2025-06-lp1,65,2025-08-08
1006,LP1,2025-06-16T09:29:00Z,Turbidity FNU,2.538,0.93,FNU,YSI_EXO2,LP1_2025-06-16 09:29_2.538_TUR-FNU_4,LongPond_profiles_2025.xlsx_2025-06-lp1,66,2025-08-08
1007,LP1,2025-06-16T09:29:00Z,Blue Green Algae RFU,2.538,0.08,RFU,YSI_EXO2,LP1_2025-06-16 09:29_2.538_BGA-PC-RFU_4,LongPond_profiles_2025.xlsx_2025-06-lp1,67,2025-08-08
1008,LP1,2025-06-16T09:29:00Z,Blue Green Algae,2.538,0.11,ug/L,YSI_EXO2,LP1_2025-06-16 09:29_2.538_BGA-PC_4,LongPond_profiles_2025.xlsx_2025-06-lp1,68,2025-08-08
1009,LP1,2025-06-16T09:29:00Z,Chlorophyll RFU,2.538,0.49,RFU,YSI_EXO2,LP1_2025-06-16 09:29_2.538_Chl-RFU_4,LongPond_profiles_2025.xlsx_2025-06-lp1,69,2025-08-08
1010,LP1,2025-06-16T09:29:00Z,Chlorophyll,2.538,1.91,ug/L,YSI_EXO2,LP1_2025-06-16 09:29_2.538_Chl_4,LongPond_profiles_2025.xlsx_2025-06-lp1,70,2025-08-08
1011,LP2,2025-06-16T08:58:00Z,Water Temperature,1.012,20.274,Deg-C,YSI_EXO2,LP2_2025-06-16 08:58_1.012_TWA-C_4,LongPond_profiles_2025.xlsx_2025-06-lp2,1,2025-08-08
1012,LP2,2025-06-16T08:58:00Z,Water Temperature,0.471,20.317,Deg-C,YSI_EXO2,LP2_2025-06-16 08:58_0.471_TWA-C_4,LongPond_profiles_2025.xlsx_2025-06-lp2,2,2025-08-08
1013,LP2,2025-06-16T08:58:00Z,Oxygen Saturation,1.012,101.9,%,YSI_EXO2,LP2_2025-06-16 08:58_1.012_LDOs_4,LongPond_profiles_2025.xlsx_2025-06-lp2,3,2025-08-08
1014,LP2,2025-06-16T08:58:00Z,Oxygen Saturation,0.471,102.3,%,YSI_EXO2,LP2_2025-06-16 08:58_0.471_LDOs_4,LongPond_profiles_2025.xlsx_2025-06-lp2,4,2025-08-08
1015,LP2,2025-06-16T08:58:00Z,Dissolved Oxygen,1.012,9.21,mg/L,YSI_EXO2,LP2_2025-06-16 08:58_1.012_LDOd_4,LongPond_profiles_2025.xlsx_2025-06-lp2,5,2025-08-08
919,LP3,2025-05-08T10:31:00Z,Chlorophyll,1.49,0.74,ug/L,YSI_EXO2,LP3_2025-05-08 10:31_1.49_Chl_4,LongPond_profiles_2025.xlsx_2025-05_lp3,39,2025-08-08
920,LP3,2025-05-08T10:31:00Z,Chlorophyll,1.982,0.76,ug/L,YSI_EXO2,LP3_2025-05-08 10:31_1.982_Chl_4,LongPond_profiles_2025.xlsx_2025-05_lp3,40,2025-08-08
921,LP3,2025-05-08T10:32:00Z,Water Temperature,2.47,16.051,Deg-C,YSI_EXO2,LP3_2025-05-08 10:32_2.47_TWA-C_4,LongPond_profiles_2025.xlsx_2025-05_lp3,41,2025-08-08
922,LP3,2025-05-08T10:32:00Z,Oxygen Saturation,2.47,97.5,%,YSI_EXO2,LP3_2025-05-08 10:32_2.47_LDOs_4,LongPond_profiles_2025.xlsx_2025-05_lp3,42,2025-08-08
923,LP3,2025-05-08T10:32:00Z,Dissolved Oxygen,2.47,9.61,mg/L,YSI_EXO2,LP3_2025-05-08 10:32_2.47_LDOd_4,LongPond_profiles_2025.xlsx_2025-05_lp3,43,2025-08-08
924,LP3,2025-05-08T10:32:00Z,Specific Conductance,2.47,150,uS/cm,YSI_EXO2,LP3_2025-05-08 10:32_2.47_SPCD_4,LongPond_profiles_2025.xlsx_2025-05_lp3,44,2025-08-08
925,LP3,2025-05-08T10:32:00Z,pH,2.47,6.56,pH,YSI_EXO2,LP3_2025-05-08 10:32_2.47_pH_4,LongPond_profiles_2025.xlsx_2025-05_lp3,45,2025-08-08
926,LP3,2025-05-08T10:32:00Z,Turbidity FNU,2.47,0.38,FNU,YSI_EXO2,LP3_2025-05-08 10:32_2.47_TUR-FNU_4,LongPond_profiles_2025.xlsx_2025-05_lp3,46,2025-08-08
927,LP3,2025-05-08T10:32:00Z,Blue Green Algae RFU,2.47,0.04,RFU,YSI_EXO2,LP3_2025-05-08 10:32_2.47_BGA-PC-RFU_4,LongPond_profiles_2025.xlsx_2025-05_lp3,47,2025-08-08
928,LP3,2025-05-08T10:32:00Z,Blue Green Algae,2.47,0.06,ug/L,YSI_EXO2,LP3_2025-05-08 10:32_2.47_BGA-PC_4,LongPond_profiles_2025.xlsx_2025-05_lp3,48,2025-08-08
929,LP3,2025-05-08T10:32:00Z,Chlorophyll RFU,2.47,0.15,RFU,YSI_EXO2,LP3_2025-05-08 10:32_2.47_Chl-RFU_4,LongPond_profiles_2025.xlsx_2025-05_lp3,49,2025-08-08
930,LP3,2025-05-08T10:32:00Z,Chlorophyll,2.47,0.75,ug/L,YSI_EXO2,LP3_2025-05-08 10:32_2.47_Chl_4,LongPond_profiles_2025.xlsx_2025-05_lp3,50,2025-08-08
931,LP3,2025-05-08T10:33:00Z,Water Temperature,2.967,15.98,Deg-C,YSI_EXO2,LP3_2025-05-08 10:33_2.967_TWA-C_4,LongPond_profiles_2025.xlsx_2025-05_lp3,51,2025-08-08
932,LP3,2025-05-08T10:33:00Z,Oxygen Saturation,2.967,96.8,%,YSI_EXO2,LP3_2025-05-08 10:33_2.967_LDOs_4,LongPond_profiles_2025.xlsx_2025-05_lp3,52,2025-08-08
933,LP3,2025-05-08T10:33:00Z,Dissolved Oxygen,2.967,9.56,mg/L,YSI_EXO2,LP3_2025-05-08 10:33_2.967_LDOd_4,LongPond_profiles_2025.xlsx_2025-05_lp3,53,2025-08-08
934,LP3,2025-05-08T10:33:00Z,Specific Conductance,2.967,150,uS/cm,YSI_EXO2,LP3_2025-05-08 10:33_2.967_SPCD_4,LongPond_profiles_2025.xlsx_2025-05_lp3,54,2025-08-08
935,LP3,2025-05-08T10:33:00Z,pH,2.967,6.54,pH,YSI_EXO2,LP3_2025-05-08 10:33_2.967_pH_4,LongPond_profiles_2025.xlsx_2025-05_lp3,55,2025-08-08
936,LP3,2025-05-08T10:33:00Z,Turbidity FNU,2.967,0.49,FNU,YSI_EXO2,LP3_2025-05-08 10:33_2.967_TUR-FNU_4,LongPond_profiles_2025.xlsx_2025-05_lp3,56,2025-08-08
937,LP3,2025-05-08T10:33:00Z,Blue Green Algae RFU,2.967,0.07,RFU,YSI_EXO2,LP3_2025-05-08 10:33_2.967_BGA-PC-RFU_4,LongPond_profiles_2025.xlsx_2025-05_lp3,57,2025-08-08
938,LP3,2025-05-08T10:33:00Z,Blue Green Algae,2.967,0.08,ug/L,YSI_EXO2,LP3_2025-05-08 10:33_2.967_BGA-PC_4,LongPond_profiles_2025.xlsx_2025-05_lp3,58,2025-08-08
939,LP3,2025-05-08T10:33:00Z,Chlorophyll RFU,2.967,0.15,RFU,YSI_EXO2,LP3_2025-05-08 10:33_2.967_Chl-RFU_4,LongPond_profiles_2025.xlsx_2025-05_lp3,59,2025-08-08
940,LP3,2025-05-08T10:33:00Z,Chlorophyll,2.967,0.72,ug/L,YSI_EXO2,LP3_2025-05-08 10:33_2.967_Chl_4,LongPond_profiles_2025.xlsx_2025-05_lp3,60,2025-08-08
1251,LP2,2025-07-16T08:50:00Z,Water Temperature,0.458,27.323,Deg-C,YSI_EXO2,LP2_2025-07-16 08:50_0.458_TWA-C_4,LongPond_profiles_2025.xlsx_2025-07_LP2,1,2025-08-08
1252,LP2,2025-07-16T08:50:00Z,Water Temperature,0.151,27.381,Deg-C,YSI_EXO2,LP2_2025-07-16 08:50_0.151_TWA-C_4,LongPond_profiles_2025.xlsx_2025-07_LP2,2,2025-08-08
1253,LP2,2025-07-16T08:50:00Z,Oxygen Saturation,0.458,99.3,%,YSI_EXO2,LP2_2025-07-16 08:50_0.458_LDOs_4,LongPond_profiles_2025.xlsx_2025-07_LP2,3,2025-08-08
1254,LP2,2025-07-16T08:50:00Z,Oxygen Saturation,0.151,99.6,%,YSI_EXO2,LP2_2025-07-16 08:50_0.151_LDOs_4,LongPond_profiles_2025.xlsx_2025-07_LP2,4,2025-08-08
1255,LP2,2025-07-16T08:50:00Z,Dissolved Oxygen,0.458,7.86,mg/L,YSI_EXO2,LP2_2025-07-16 08:50_0.458_LDOd_4,LongPond_profiles_2025.xlsx_2025-07_LP2,5,2025-08-08
1256,LP2,2025-07-16T08:50:00Z,Dissolved Oxygen,0.151,7.88,mg/L,YSI_EXO2,LP2_2025-07-16 08:50_0.151_LDOd_4,LongPond_profiles_2025.xlsx_2025-07_LP2,6,2025-08-08
1257,LP2,2025-07-16T08:50:00Z,Specific Conductance,0.458,145.6,uS/cm,YSI_EXO2,LP2_2025-07-16 08:50_0.458_SPCD_4,LongPond_profiles_2025.xlsx_2025-07_LP2,7,2025-08-08
1258,LP2,2025-07-16T08:50:00Z,Specific Conductance,0.151,145.4,uS/cm,YSI_EXO2,LP2_2025-07-16 08:50_0.151_SPCD_4,LongPond_profiles_2025.xlsx_2025-07_LP2,8,2025-08-08
1259,LP2,2025-07-16T08:50:00Z,pH,0.458,6.99,pH,YSI_EXO2,LP2_2025-07-16 08:50_0.458_pH_4,LongPond_profiles_2025.xlsx_2025-07_LP2,9,2025-08-08
1260,LP2,2025-07-16T08:50:00Z,pH,0.151,7.03,pH,YSI_EXO2,LP2_2025-07-16 08:50_0.151_pH_4,LongPond_profiles_2025.xlsx_2025-07_LP2,10,2025-08-08
1261,LP2,2025-07-16T08:50:00Z,Turbidity FNU,0.458,0.29,FNU,YSI_EXO2,LP2_2025-07-16 08:50_0.458_TUR-FNU_4,LongPond_profiles_2025.xlsx_2025-07_LP2,11,2025-08-08
1262,LP2,2025-07-16T08:50:00Z,Turbidity FNU,0.151,0.77,FNU,YSI_EXO2,LP2_2025-07-16 08:50_0.151_TUR-FNU_4,LongPond_profiles_2025.xlsx_2025-07_LP2,12,2025-08-08
1263,LP2,2025-07-16T08:50:00Z,Blue Green Algae RFU,0.458,-0.08,RFU,YSI_EXO2,LP2_2025-07-16 08:50_0.458_BGA-PC-RFU_4,LongPond_profiles_2025.xlsx_2025-07_LP2,13,2025-08-08
1264,LP2,2025-07-16T08:50:00Z,Blue Green Algae RFU,0.151,0.24,RFU,YSI_EXO2,LP2_2025-07-16 08:50_0.151_BGA-PC-RFU_4,LongPond_profiles_2025.xlsx_2025-07_LP2,14,2025-08-08
1265,LP2,2025-07-16T08:50:00Z,Blue Green Algae,0.458,-0.01,ug/L,YSI_EXO2,LP2_2025-07-16 08:50_0.458_BGA-PC_4,LongPond_profiles_2025.xlsx_2025-07_LP2,15,2025-08-08
1266,LP2,2025-07-16T08:50:00Z,Blue Green Algae,0.151,0.31,ug/L,YSI_EXO2,LP2_2025-07-16 08:50_0.151_BGA-PC_4,LongPond_profiles_2025.xlsx_2025-07_LP2,16,2025-08-08
1267,LP2,2025-07-16T08:50:00Z,Chlorophyll RFU,0.458,0.23,RFU,YSI_EXO2,LP2_2025-07-16 08:50_0.458_Chl-RFU_4,LongPond_profiles_2025.xlsx_2025-07_LP2,17,2025-08-08
1268,LP2,2025-07-16T08:50:00Z,Chlorophyll RFU,0.151,0.19,RFU,YSI_EXO2,LP2_2025-07-16 08:50_0.151_Chl-RFU_4,LongPond_profiles_2025.xlsx_2025-07_LP2,18,2025-08-08
1269,LP2,2025-07-16T08:50:00Z,Chlorophyll,0.458,1.14,ug/L,YSI_EXO2,LP2_2025-07-16 08:50_0.458_Chl_4,LongPond_profiles_2025.xlsx_2025-07_LP2,19,2025-08-08
1270,LP2,2025-07-16T08:50:00Z,Chlorophyll,0.151,0.96,ug/L,YSI_EXO2,LP2_2025-07-16 08:50_0.151_Chl_4,LongPond_profiles_2025.xlsx_2025-07_LP2,20,2025-08-08
1271,LP2,2025-07-16T08:51:00Z,Water Temperature,1.016,27.181,Deg-C,YSI_EXO2,LP2_2025-07-16 08:51_1.016_TWA-C_4,LongPond_profiles_2025.xlsx_2025-07_LP2,21,2025-08-08
1272,LP2,2025-07-16T08:51:00Z,Oxygen Saturation,1.016,99,%,YSI_EXO2,LP2_2025-07-16 08:51_1.016_LDOs_4,LongPond_profiles_2025.xlsx_2025-07_LP2,22,2025-08-08
1273,LP2,2025-07-16T08:51:00Z,Dissolved Oxygen,1.016,7.86,mg/L,YSI_EXO2,LP2_2025-07-16 08:51_1.016_LDOd_4,LongPond_profiles_2025.xlsx_2025-07_LP2,23,2025-08-08
1274,LP2,2025-07-16T08:51:00Z,Specific Conductance,1.016,145.2,uS/cm,YSI_EXO2,LP2_2025-07-16 08:51_1.016_SPCD_4,LongPond_profiles_2025.xlsx_2025-07_LP2,24,2025-08-08
1275,LP2,2025-07-16T08:51:00Z,pH,1.016,6.94,pH,YSI_EXO2,LP2_2025-07-16 08:51_1.016_pH_4,LongPond_profiles_2025.xlsx_2025-07_LP2,25,2025-08-08
1276,LP2,2025-07-16T08:51:00Z,Turbidity FNU,1.016,0.26,FNU,YSI_EXO2,LP2_2025-07-16 08:51_1.016_TUR-FNU_4,LongPond_profiles_2025.xlsx_2025-07_LP2,26,2025-08-08
1277,LP2,2025-07-16T08:51:00Z,Blue Green Algae RFU,1.016,-0.1,RFU,YSI_EXO2,LP2_2025-07-16 08:51_1.016_BGA-PC-RFU_4,LongPond_profiles_2025.xlsx_2025-07_LP2,27,2025-08-08
1278,LP2,2025-07-16T08:51:00Z,Blue Green Algae,1.016,-0.03,ug/L,YSI_EXO2,LP2_2025-07-16 08:51_1.016_BGA-PC_4,LongPond_profiles_2025.xlsx_2025-07_LP2,28,2025-08-08
1016,LP2,2025-06-16T08:58:00Z,Dissolved Oxygen,0.471,9.24,mg/L,YSI_EXO2,LP2_2025-06-16 08:58_0.471_LDOd_4,LongPond_profiles_2025.xlsx_2025-06-lp2,6,2025-08-08
1017,LP2,2025-06-16T08:58:00Z,Specific Conductance,1.012,137.5,uS/cm,YSI_EXO2,LP2_2025-06-16 08:58_1.012_SPCD_4,LongPond_profiles_2025.xlsx_2025-06-lp2,7,2025-08-08
1018,LP2,2025-06-16T08:58:00Z,Specific Conductance,0.471,137.5,uS/cm,YSI_EXO2,LP2_2025-06-16 08:58_0.471_SPCD_4,LongPond_profiles_2025.xlsx_2025-06-lp2,8,2025-08-08
1019,LP2,2025-06-16T08:58:00Z,pH,1.012,6.98,pH,YSI_EXO2,LP2_2025-06-16 08:58_1.012_pH_4,LongPond_profiles_2025.xlsx_2025-06-lp2,9,2025-08-08
1020,LP2,2025-06-16T08:58:00Z,pH,0.471,6.99,pH,YSI_EXO2,LP2_2025-06-16 08:58_0.471_pH_4,LongPond_profiles_2025.xlsx_2025-06-lp2,10,2025-08-08
1021,LP2,2025-06-16T08:58:00Z,Turbidity FNU,1.012,0.54,FNU,YSI_EXO2,LP2_2025-06-16 08:58_1.012_TUR-FNU_4,LongPond_profiles_2025.xlsx_2025-06-lp2,11,2025-08-08
1022,LP2,2025-06-16T08:58:00Z,Turbidity FNU,0.471,0.64,FNU,YSI_EXO2,LP2_2025-06-16 08:58_0.471_TUR-FNU_4,LongPond_profiles_2025.xlsx_2025-06-lp2,12,2025-08-08
1023,LP2,2025-06-16T08:58:00Z,Blue Green Algae RFU,1.012,0.08,RFU,YSI_EXO2,LP2_2025-06-16 08:58_1.012_BGA-PC-RFU_4,LongPond_profiles_2025.xlsx_2025-06-lp2,13,2025-08-08
1024,LP2,2025-06-16T08:58:00Z,Blue Green Algae RFU,0.471,0.12,RFU,YSI_EXO2,LP2_2025-06-16 08:58_0.471_BGA-PC-RFU_4,LongPond_profiles_2025.xlsx_2025-06-lp2,14,2025-08-08
1025,LP2,2025-06-16T08:58:00Z,Blue Green Algae,1.012,0.11,ug/L,YSI_EXO2,LP2_2025-06-16 08:58_1.012_BGA-PC_4,LongPond_profiles_2025.xlsx_2025-06-lp2,15,2025-08-08
1026,LP2,2025-06-16T08:58:00Z,Blue Green Algae,0.471,0.15,ug/L,YSI_EXO2,LP2_2025-06-16 08:58_0.471_BGA-PC_4,LongPond_profiles_2025.xlsx_2025-06-lp2,16,2025-08-08
1027,LP2,2025-06-16T08:58:00Z,Chlorophyll RFU,1.012,0.42,RFU,YSI_EXO2,LP2_2025-06-16 08:58_1.012_Chl-RFU_4,LongPond_profiles_2025.xlsx_2025-06-lp2,17,2025-08-08
1028,LP2,2025-06-16T08:58:00Z,Chlorophyll RFU,0.471,0.42,RFU,YSI_EXO2,LP2_2025-06-16 08:58_0.471_Chl-RFU_4,LongPond_profiles_2025.xlsx_2025-06-lp2,18,2025-08-08
1029,LP2,2025-06-16T08:58:00Z,Chlorophyll,1.012,1.63,ug/L,YSI_EXO2,LP2_2025-06-16 08:58_1.012_Chl_4,LongPond_profiles_2025.xlsx_2025-06-lp2,19,2025-08-08
1030,LP2,2025-06-16T08:58:00Z,Chlorophyll,0.471,1.61,ug/L,YSI_EXO2,LP2_2025-06-16 08:58_0.471_Chl_4,LongPond_profiles_2025.xlsx_2025-06-lp2,20,2025-08-08
1031,LP2,2025-06-16T08:59:00Z,Water Temperature,2.006,20.221,Deg-C,YSI_EXO2,LP2_2025-06-16 08:59_2.006_TWA-C_4,LongPond_profiles_2025.xlsx_2025-06-lp2,21,2025-08-08
1032,LP2,2025-06-16T08:59:00Z,Water Temperature,1.481,20.241,Deg-C,YSI_EXO2,LP2_2025-06-16 08:59_1.481_TWA-C_4,LongPond_profiles_2025.xlsx_2025-06-lp2,22,2025-08-08
1033,LP2,2025-06-16T08:59:00Z,Oxygen Saturation,2.006,101.5,%,YSI_EXO2,LP2_2025-06-16 08:59_2.006_LDOs_4,LongPond_profiles_2025.xlsx_2025-06-lp2,23,2025-08-08
1034,LP2,2025-06-16T08:59:00Z,Oxygen Saturation,1.481,101.6,%,YSI_EXO2,LP2_2025-06-16 08:59_1.481_LDOs_4,LongPond_profiles_2025.xlsx_2025-06-lp2,24,2025-08-08
1035,LP2,2025-06-16T08:59:00Z,Dissolved Oxygen,2.006,9.19,mg/L,YSI_EXO2,LP2_2025-06-16 08:59_2.006_LDOd_4,LongPond_profiles_2025.xlsx_2025-06-lp2,25,2025-08-08
1036,LP2,2025-06-16T08:59:00Z,Dissolved Oxygen,1.481,9.19,mg/L,YSI_EXO2,LP2_2025-06-16 08:59_1.481_LDOd_4,LongPond_profiles_2025.xlsx_2025-06-lp2,26,2025-08-08
1037,LP2,2025-06-16T08:59:00Z,Specific Conductance,2.006,137.5,uS/cm,YSI_EXO2,LP2_2025-06-16 08:59_2.006_SPCD_4,LongPond_profiles_2025.xlsx_2025-06-lp2,27,2025-08-08
1038,LP2,2025-06-16T08:59:00Z,Specific Conductance,1.481,137.5,uS/cm,YSI_EXO2,LP2_2025-06-16 08:59_1.481_SPCD_4,LongPond_profiles_2025.xlsx_2025-06-lp2,28,2025-08-08
1039,LP2,2025-06-16T08:59:00Z,pH,2.006,6.98,pH,YSI_EXO2,LP2_2025-06-16 08:59_2.006_pH_4,LongPond_profiles_2025.xlsx_2025-06-lp2,29,2025-08-08
1040,LP2,2025-06-16T08:59:00Z,pH,1.481,6.99,pH,YSI_EXO2,LP2_2025-06-16 08:59_1.481_pH_4,LongPond_profiles_2025.xlsx_2025-06-lp2,30,2025-08-08
1041,LP2,2025-06-16T08:59:00Z,Turbidity FNU,2.006,0.65,FNU,YSI_EXO2,LP2_2025-06-16 08:59_2.006_TUR-FNU_4,LongPond_profiles_2025.xlsx_2025-06-lp2,31,2025-08-08
1042,LP2,2025-06-16T08:59:00Z,Turbidity FNU,1.481,0.57,FNU,YSI_EXO2,LP2_2025-06-16 08:59_1.481_TUR-FNU_4,LongPond_profiles_2025.xlsx_2025-06-lp2,32,2025-08-08
1043,LP2,2025-06-16T08:59:00Z,Blue Green Algae RFU,2.006,0.13,RFU,YSI_EXO2,LP2_2025-06-16 08:59_2.006_BGA-PC-RFU_4,LongPond_profiles_2025.xlsx_2025-06-lp2,33,2025-08-08
1044,LP2,2025-06-16T08:59:00Z,Blue Green Algae RFU,1.481,0.08,RFU,YSI_EXO2,LP2_2025-06-16 08:59_1.481_BGA-PC-RFU_4,LongPond_profiles_2025.xlsx_2025-06-lp2,34,2025-08-08
1045,LP2,2025-06-16T08:59:00Z,Blue Green Algae,2.006,0.16,ug/L,YSI_EXO2,LP2_2025-06-16 08:59_2.006_BGA-PC_4,LongPond_profiles_2025.xlsx_2025-06-lp2,35,2025-08-08
1046,LP2,2025-06-16T08:59:00Z,Blue Green Algae,1.481,0.11,ug/L,YSI_EXO2,LP2_2025-06-16 08:59_1.481_BGA-PC_4,LongPond_profiles_2025.xlsx_2025-06-lp2,36,2025-08-08
1047,LP2,2025-06-16T08:59:00Z,Chlorophyll RFU,2.006,0.72,RFU,YSI_EXO2,LP2_2025-06-16 08:59_2.006_Chl-RFU_4,LongPond_profiles_2025.xlsx_2025-06-lp2,37,2025-08-08
1048,LP2,2025-06-16T08:59:00Z,Chlorophyll RFU,1.481,0.52,RFU,YSI_EXO2,LP2_2025-06-16 08:59_1.481_Chl-RFU_4,LongPond_profiles_2025.xlsx_2025-06-lp2,38,2025-08-08
1049,LP2,2025-06-16T08:59:00Z,Chlorophyll,2.006,2.81,ug/L,YSI_EXO2,LP2_2025-06-16 08:59_2.006_Chl_4,LongPond_profiles_2025.xlsx_2025-06-lp2,39,2025-08-08
1050,LP2,2025-06-16T08:59:00Z,Chlorophyll,1.481,2,ug/L,YSI_EXO2,LP2_2025-06-16 08:59_1.481_Chl_4,LongPond_profiles_2025.xlsx_2025-06-lp2,40,2025-08-08
1051,LP2,2025-06-16T09:02:00Z,Water Temperature,2.488,20.16,Deg-C,YSI_EXO2,LP2_2025-06-16 09:02_2.488_TWA-C_4,LongPond_profiles_2025.xlsx_2025-06-lp2,41,2025-08-08
1052,LP2,2025-06-16T09:02:00Z,Oxygen Saturation,2.488,101.6,%,YSI_EXO2,LP2_2025-06-16 09:02_2.488_LDOs_4,LongPond_profiles_2025.xlsx_2025-06-lp2,42,2025-08-08
1053,LP2,2025-06-16T09:02:00Z,Dissolved Oxygen,2.488,9.2,mg/L,YSI_EXO2,LP2_2025-06-16 09:02_2.488_LDOd_4,LongPond_profiles_2025.xlsx_2025-06-lp2,43,2025-08-08
1054,LP2,2025-06-16T09:02:00Z,Specific Conductance,2.488,137.6,uS/cm,YSI_EXO2,LP2_2025-06-16 09:02_2.488_SPCD_4,LongPond_profiles_2025.xlsx_2025-06-lp2,44,2025-08-08
1055,LP2,2025-06-16T09:02:00Z,pH,2.488,6.93,pH,YSI_EXO2,LP2_2025-06-16 09:02_2.488_pH_4,LongPond_profiles_2025.xlsx_2025-06-lp2,45,2025-08-08
1056,LP2,2025-06-16T09:02:00Z,Turbidity FNU,2.488,0.64,FNU,YSI_EXO2,LP2_2025-06-16 09:02_2.488_TUR-FNU_4,LongPond_profiles_2025.xlsx_2025-06-lp2,46,2025-08-08
1057,LP2,2025-06-16T09:02:00Z,Blue Green Algae RFU,2.488,0.18,RFU,YSI_EXO2,LP2_2025-06-16 09:02_2.488_BGA-PC-RFU_4,LongPond_profiles_2025.xlsx_2025-06-lp2,47,2025-08-08
1058,LP2,2025-06-16T09:02:00Z,Blue Green Algae,2.488,0.21,ug/L,YSI_EXO2,LP2_2025-06-16 09:02_2.488_BGA-PC_4,LongPond_profiles_2025.xlsx_2025-06-lp2,48,2025-08-08
1059,LP2,2025-06-16T09:02:00Z,Chlorophyll RFU,2.488,1.02,RFU,YSI_EXO2,LP2_2025-06-16 09:02_2.488_Chl-RFU_4,LongPond_profiles_2025.xlsx_2025-06-lp2,49,2025-08-08
1060,LP2,2025-06-16T09:02:00Z,Chlorophyll,2.488,4.03,ug/L,YSI_EXO2,LP2_2025-06-16 09:02_2.488_Chl_4,LongPond_profiles_2025.xlsx_2025-06-lp2,50,2025-08-08
1061,LP2,2025-06-16T09:03:00Z,Water Temperature,2.961,19.984,Deg-C,YSI_EXO2,LP2_2025-06-16 09:03_2.961_TWA-C_4,LongPond_profiles_2025.xlsx_2025-06-lp2,51,2025-08-08
1062,LP2,2025-06-16T09:03:00Z,Oxygen Saturation,2.961,103.1,%,YSI_EXO2,LP2_2025-06-16 09:03_2.961_LDOs_4,LongPond_profiles_2025.xlsx_2025-06-lp2,52,2025-08-08
1063,LP2,2025-06-16T09:03:00Z,Dissolved Oxygen,2.961,9.37,mg/L,YSI_EXO2,LP2_2025-06-16 09:03_2.961_LDOd_4,LongPond_profiles_2025.xlsx_2025-06-lp2,53,2025-08-08
1064,LP2,2025-06-16T09:03:00Z,Specific Conductance,2.961,138.3,uS/cm,YSI_EXO2,LP2_2025-06-16 09:03_2.961_SPCD_4,LongPond_profiles_2025.xlsx_2025-06-lp2,54,2025-08-08
1065,LP2,2025-06-16T09:03:00Z,pH,2.961,6.92,pH,YSI_EXO2,LP2_2025-06-16 09:03_2.961_pH_4,LongPond_profiles_2025.xlsx_2025-06-lp2,55,2025-08-08
1066,LP2,2025-06-16T09:03:00Z,Turbidity FNU,2.961,0.65,FNU,YSI_EXO2,LP2_2025-06-16 09:03_2.961_TUR-FNU_4,LongPond_profiles_2025.xlsx_2025-06-lp2,56,2025-08-08
1067,LP2,2025-06-16T09:03:00Z,Blue Green Algae RFU,2.961,0.15,RFU,YSI_EXO2,LP2_2025-06-16 09:03_2.961_BGA-PC-RFU_4,LongPond_profiles_2025.xlsx_2025-06-lp2,57,2025-08-08
1068,LP2,2025-06-16T09:03:00Z,Blue Green Algae,2.961,0.18,ug/L,YSI_EXO2,LP2_2025-06-16 09:03_2.961_BGA-PC_4,LongPond_profiles_2025.xlsx_2025-06-lp2,58,2025-08-08
1069,LP2,2025-06-16T09:03:00Z,Chlorophyll RFU,2.961,0.68,RFU,YSI_EXO2,LP2_2025-06-16 09:03_2.961_Chl-RFU_4,LongPond_profiles_2025.xlsx_2025-06-lp2,59,2025-08-08
1070,LP2,2025-06-16T09:03:00Z,Chlorophyll,2.961,2.65,ug/L,YSI_EXO2,LP2_2025-06-16 09:03_2.961_Chl_4,LongPond_profiles_2025.xlsx_2025-06-lp2,60,2025-08-08
1071,LP2,2025-06-16T09:04:00Z,Water Temperature,3.455,19.407,Deg-C,YSI_EXO2,LP2_2025-06-16 09:04_3.455_TWA-C_4,LongPond_profiles_2025.xlsx_2025-06-lp2,61,2025-08-08
1072,LP2,2025-06-16T09:04:00Z,Oxygen Saturation,3.455,105.9,%,YSI_EXO2,LP2_2025-06-16 09:04_3.455_LDOs_4,LongPond_profiles_2025.xlsx_2025-06-lp2,62,2025-08-08
1073,LP2,2025-06-16T09:04:00Z,Dissolved Oxygen,3.455,9.74,mg/L,YSI_EXO2,LP2_2025-06-16 09:04_3.455_LDOd_4,LongPond_profiles_2025.xlsx_2025-06-lp2,63,2025-08-08
1074,LP2,2025-06-16T09:04:00Z,Specific Conductance,3.455,138.6,uS/cm,YSI_EXO2,LP2_2025-06-16 09:04_3.455_SPCD_4,LongPond_profiles_2025.xlsx_2025-06-lp2,64,2025-08-08
1075,LP2,2025-06-16T09:04:00Z,pH,3.455,6.86,pH,YSI_EXO2,LP2_2025-06-16 09:04_3.455_pH_4,LongPond_profiles_2025.xlsx_2025-06-lp2,65,2025-08-08
1076,LP2,2025-06-16T09:04:00Z,Turbidity FNU,3.455,0.63,FNU,YSI_EXO2,LP2_2025-06-16 09:04_3.455_TUR-FNU_4,LongPond_profiles_2025.xlsx_2025-06-lp2,66,2025-08-08
1077,LP2,2025-06-16T09:04:00Z,Blue Green Algae RFU,3.455,0.15,RFU,YSI_EXO2,LP2_2025-06-16 09:04_3.455_BGA-PC-RFU_4,LongPond_profiles_2025.xlsx_2025-06-lp2,67,2025-08-08
1078,LP2,2025-06-16T09:04:00Z,Blue Green Algae,3.455,0.18,ug/L,YSI_EXO2,LP2_2025-06-16 09:04_3.455_BGA-PC_4,LongPond_profiles_2025.xlsx_2025-06-lp2,68,2025-08-08
1079,LP2,2025-06-16T09:04:00Z,Chlorophyll RFU,3.455,0.71,RFU,YSI_EXO2,LP2_2025-06-16 09:04_3.455_Chl-RFU_4,LongPond_profiles_2025.xlsx_2025-06-lp2,69,2025-08-08
1080,LP2,2025-06-16T09:04:00Z,Chlorophyll,3.455,2.8,ug/L,YSI_EXO2,LP2_2025-06-16 09:04_3.455_Chl_4,LongPond_profiles_2025.xlsx_2025-06-lp2,70,2025-08-08
1081,LP2,2025-06-16T09:05:00Z,Water Temperature,4.007,18.244,Deg-C,YSI_EXO2,LP2_2025-06-16 09:05_4.007_TWA-C_4,LongPond_profiles_2025.xlsx_2025-06-lp2,71,2025-08-08
1082,LP2,2025-06-16T09:05:00Z,Oxygen Saturation,4.007,102,%,YSI_EXO2,LP2_2025-06-16 09:05_4.007_LDOs_4,LongPond_profiles_2025.xlsx_2025-06-lp2,72,2025-08-08
1083,LP2,2025-06-16T09:05:00Z,Dissolved Oxygen,4.007,9.61,mg/L,YSI_EXO2,LP2_2025-06-16 09:05_4.007_LDOd_4,LongPond_profiles_2025.xlsx_2025-06-lp2,73,2025-08-08
1084,LP2,2025-06-16T09:05:00Z,Specific Conductance,4.007,139.3,uS/cm,YSI_EXO2,LP2_2025-06-16 09:05_4.007_SPCD_4,LongPond_profiles_2025.xlsx_2025-06-lp2,74,2025-08-08
1085,LP2,2025-06-16T09:05:00Z,pH,4.007,6.82,pH,YSI_EXO2,LP2_2025-06-16 09:05_4.007_pH_4,LongPond_profiles_2025.xlsx_2025-06-lp2,75,2025-08-08
1086,LP2,2025-06-16T09:05:00Z,Turbidity FNU,4.007,0.66,FNU,YSI_EXO2,LP2_2025-06-16 09:05_4.007_TUR-FNU_4,LongPond_profiles_2025.xlsx_2025-06-lp2,76,2025-08-08
1087,LP2,2025-06-16T09:05:00Z,Blue Green Algae RFU,4.007,0.16,RFU,YSI_EXO2,LP2_2025-06-16 09:05_4.007_BGA-PC-RFU_4,LongPond_profiles_2025.xlsx_2025-06-lp2,77,2025-08-08
1088,LP2,2025-06-16T09:05:00Z,Blue Green Algae,4.007,0.19,ug/L,YSI_EXO2,LP2_2025-06-16 09:05_4.007_BGA-PC_4,LongPond_profiles_2025.xlsx_2025-06-lp2,78,2025-08-08
1089,LP2,2025-06-16T09:05:00Z,Chlorophyll RFU,4.007,0.76,RFU,YSI_EXO2,LP2_2025-06-16 09:05_4.007_Chl-RFU_4,LongPond_profiles_2025.xlsx_2025-06-lp2,79,2025-08-08
1090,LP2,2025-06-16T09:05:00Z,Chlorophyll,4.007,2.97,ug/L,YSI_EXO2,LP2_2025-06-16 09:05_4.007_Chl_4,LongPond_profiles_2025.xlsx_2025-06-lp2,80,2025-08-08
1091,LP2,2025-06-16T09:07:00Z,Water Temperature,4.488,17.609,Deg-C,YSI_EXO2,LP2_2025-06-16 09:07_4.488_TWA-C_4,LongPond_profiles_2025.xlsx_2025-06-lp2,81,2025-08-08
1092,LP2,2025-06-16T09:07:00Z,Oxygen Saturation,4.488,98.2,%,YSI_EXO2,LP2_2025-06-16 09:07_4.488_LDOs_4,LongPond_profiles_2025.xlsx_2025-06-lp2,82,2025-08-08
1093,LP2,2025-06-16T09:07:00Z,Dissolved Oxygen,4.488,9.37,mg/L,YSI_EXO2,LP2_2025-06-16 09:07_4.488_LDOd_4,LongPond_profiles_2025.xlsx_2025-06-lp2,83,2025-08-08
1094,LP2,2025-06-16T09:07:00Z,Specific Conductance,4.488,139.8,uS/cm,YSI_EXO2,LP2_2025-06-16 09:07_4.488_SPCD_4,LongPond_profiles_2025.xlsx_2025-06-lp2,84,2025-08-08
1095,LP2,2025-06-16T09:07:00Z,pH,4.488,6.62,pH,YSI_EXO2,LP2_2025-06-16 09:07_4.488_pH_4,LongPond_profiles_2025.xlsx_2025-06-lp2,85,2025-08-08
1096,LP2,2025-06-16T09:07:00Z,Turbidity FNU,4.488,0.69,FNU,YSI_EXO2,LP2_2025-06-16 09:07_4.488_TUR-FNU_4,LongPond_profiles_2025.xlsx_2025-06-lp2,86,2025-08-08
1097,LP2,2025-06-16T09:07:00Z,Blue Green Algae RFU,4.488,0.2,RFU,YSI_EXO2,LP2_2025-06-16 09:07_4.488_BGA-PC-RFU_4,LongPond_profiles_2025.xlsx_2025-06-lp2,87,2025-08-08
1098,LP2,2025-06-16T09:07:00Z,Blue Green Algae,4.488,0.23,ug/L,YSI_EXO2,LP2_2025-06-16 09:07_4.488_BGA-PC_4,LongPond_profiles_2025.xlsx_2025-06-lp2,88,2025-08-08
1099,LP2,2025-06-16T09:07:00Z,Chlorophyll RFU,4.488,0.84,RFU,YSI_EXO2,LP2_2025-06-16 09:07_4.488_Chl-RFU_4,LongPond_profiles_2025.xlsx_2025-06-lp2,89,2025-08-08
1100,LP2,2025-06-16T09:07:00Z,Chlorophyll,4.488,3.29,ug/L,YSI_EXO2,LP2_2025-06-16 09:07_4.488_Chl_4,LongPond_profiles_2025.xlsx_2025-06-lp2,90,2025-08-08
1101,LP3,2025-06-16T08:42:00Z,Water Temperature,0.508,20.261,Deg-C,YSI_EXO2,LP3_2025-06-16 08:42_0.508_TWA-C_4,LongPond_profiles_2025.xlsx_2025-06-lp3,1,2025-08-08
1102,LP3,2025-06-16T08:42:00Z,Oxygen Saturation,0.508,101.1,%,YSI_EXO2,LP3_2025-06-16 08:42_0.508_LDOs_4,LongPond_profiles_2025.xlsx_2025-06-lp3,2,2025-08-08
1103,LP3,2025-06-16T08:42:00Z,Dissolved Oxygen,0.508,9.14,mg/L,YSI_EXO2,LP3_2025-06-16 08:42_0.508_LDOd_4,LongPond_profiles_2025.xlsx_2025-06-lp3,3,2025-08-08
1104,LP3,2025-06-16T08:42:00Z,Specific Conductance,0.508,136.9,uS/cm,YSI_EXO2,LP3_2025-06-16 08:42_0.508_SPCD_4,LongPond_profiles_2025.xlsx_2025-06-lp3,4,2025-08-08
1105,LP3,2025-06-16T08:42:00Z,pH,0.508,6.72,pH,YSI_EXO2,LP3_2025-06-16 08:42_0.508_pH_4,LongPond_profiles_2025.xlsx_2025-06-lp3,5,2025-08-08
1106,LP3,2025-06-16T08:42:00Z,Turbidity FNU,0.508,0.67,FNU,YSI_EXO2,LP3_2025-06-16 08:42_0.508_TUR-FNU_4,LongPond_profiles_2025.xlsx_2025-06-lp3,6,2025-08-08
1107,LP3,2025-06-16T08:42:00Z,Blue Green Algae RFU,0.508,0.09,RFU,YSI_EXO2,LP3_2025-06-16 08:42_0.508_BGA-PC-RFU_4,LongPond_profiles_2025.xlsx_2025-06-lp3,7,2025-08-08
1108,LP3,2025-06-16T08:42:00Z,Blue Green Algae,0.508,0.12,ug/L,YSI_EXO2,LP3_2025-06-16 08:42_0.508_BGA-PC_4,LongPond_profiles_2025.xlsx_2025-06-lp3,8,2025-08-08
1109,LP3,2025-06-16T08:42:00Z,Chlorophyll RFU,0.508,0.66,RFU,YSI_EXO2,LP3_2025-06-16 08:42_0.508_Chl-RFU_4,LongPond_profiles_2025.xlsx_2025-06-lp3,9,2025-08-08
1110,LP3,2025-06-16T08:42:00Z,Chlorophyll,0.508,2.59,ug/L,YSI_EXO2,LP3_2025-06-16 08:42_0.508_Chl_4,LongPond_profiles_2025.xlsx_2025-06-lp3,10,2025-08-08
1111,LP3,2025-06-16T08:43:00Z,Water Temperature,1.473,20.158,Deg-C,YSI_EXO2,LP3_2025-06-16 08:43_1.473_TWA-C_4,LongPond_profiles_2025.xlsx_2025-06-lp3,11,2025-08-08
1112,LP3,2025-06-16T08:43:00Z,Water Temperature,1.043,20.192,Deg-C,YSI_EXO2,LP3_2025-06-16 08:43_1.043_TWA-C_4,LongPond_profiles_2025.xlsx_2025-06-lp3,12,2025-08-08
1113,LP3,2025-06-16T08:43:00Z,Oxygen Saturation,1.473,101.4,%,YSI_EXO2,LP3_2025-06-16 08:43_1.473_LDOs_4,LongPond_profiles_2025.xlsx_2025-06-lp3,13,2025-08-08
1114,LP3,2025-06-16T08:43:00Z,Oxygen Saturation,1.043,101.2,%,YSI_EXO2,LP3_2025-06-16 08:43_1.043_LDOs_4,LongPond_profiles_2025.xlsx_2025-06-lp3,14,2025-08-08
1115,LP3,2025-06-16T08:43:00Z,Dissolved Oxygen,1.473,9.18,mg/L,YSI_EXO2,LP3_2025-06-16 08:43_1.473_LDOd_4,LongPond_profiles_2025.xlsx_2025-06-lp3,15,2025-08-08
1116,LP3,2025-06-16T08:43:00Z,Dissolved Oxygen,1.043,9.16,mg/L,YSI_EXO2,LP3_2025-06-16 08:43_1.043_LDOd_4,LongPond_profiles_2025.xlsx_2025-06-lp3,16,2025-08-08
1117,LP3,2025-06-16T08:43:00Z,Specific Conductance,1.473,136.8,uS/cm,YSI_EXO2,LP3_2025-06-16 08:43_1.473_SPCD_4,LongPond_profiles_2025.xlsx_2025-06-lp3,17,2025-08-08
1118,LP3,2025-06-16T08:43:00Z,Specific Conductance,1.043,136.7,uS/cm,YSI_EXO2,LP3_2025-06-16 08:43_1.043_SPCD_4,LongPond_profiles_2025.xlsx_2025-06-lp3,18,2025-08-08
1119,LP3,2025-06-16T08:43:00Z,pH,1.473,6.93,pH,YSI_EXO2,LP3_2025-06-16 08:43_1.473_pH_4,LongPond_profiles_2025.xlsx_2025-06-lp3,19,2025-08-08
1120,LP3,2025-06-16T08:43:00Z,pH,1.043,6.84,pH,YSI_EXO2,LP3_2025-06-16 08:43_1.043_pH_4,LongPond_profiles_2025.xlsx_2025-06-lp3,20,2025-08-08
1121,LP3,2025-06-16T08:43:00Z,Turbidity FNU,1.473,0.71,FNU,YSI_EXO2,LP3_2025-06-16 08:43_1.473_TUR-FNU_4,LongPond_profiles_2025.xlsx_2025-06-lp3,21,2025-08-08
1122,LP3,2025-06-16T08:43:00Z,Turbidity FNU,1.043,0.66,FNU,YSI_EXO2,LP3_2025-06-16 08:43_1.043_TUR-FNU_4,LongPond_profiles_2025.xlsx_2025-06-lp3,22,2025-08-08
1123,LP3,2025-06-16T08:43:00Z,Blue Green Algae RFU,1.473,0.07,RFU,YSI_EXO2,LP3_2025-06-16 08:43_1.473_BGA-PC-RFU_4,LongPond_profiles_2025.xlsx_2025-06-lp3,23,2025-08-08
1124,LP3,2025-06-16T08:43:00Z,Blue Green Algae RFU,1.043,0.1,RFU,YSI_EXO2,LP3_2025-06-16 08:43_1.043_BGA-PC-RFU_4,LongPond_profiles_2025.xlsx_2025-06-lp3,24,2025-08-08
1125,LP3,2025-06-16T08:43:00Z,Blue Green Algae,1.473,0.1,ug/L,YSI_EXO2,LP3_2025-06-16 08:43_1.473_BGA-PC_4,LongPond_profiles_2025.xlsx_2025-06-lp3,25,2025-08-08
1126,LP3,2025-06-16T08:43:00Z,Blue Green Algae,1.043,0.13,ug/L,YSI_EXO2,LP3_2025-06-16 08:43_1.043_BGA-PC_4,LongPond_profiles_2025.xlsx_2025-06-lp3,26,2025-08-08
1127,LP3,2025-06-16T08:43:00Z,Chlorophyll RFU,1.473,0.72,RFU,YSI_EXO2,LP3_2025-06-16 08:43_1.473_Chl-RFU_4,LongPond_profiles_2025.xlsx_2025-06-lp3,27,2025-08-08
1128,LP3,2025-06-16T08:43:00Z,Chlorophyll RFU,1.043,0.55,RFU,YSI_EXO2,LP3_2025-06-16 08:43_1.043_Chl-RFU_4,LongPond_profiles_2025.xlsx_2025-06-lp3,28,2025-08-08
1129,LP3,2025-06-16T08:43:00Z,Chlorophyll,1.473,2.85,ug/L,YSI_EXO2,LP3_2025-06-16 08:43_1.473_Chl_4,LongPond_profiles_2025.xlsx_2025-06-lp3,29,2025-08-08
1130,LP3,2025-06-16T08:43:00Z,Chlorophyll,1.043,2.14,ug/L,YSI_EXO2,LP3_2025-06-16 08:43_1.043_Chl_4,LongPond_profiles_2025.xlsx_2025-06-lp3,30,2025-08-08
1131,LP3,2025-06-16T08:44:00Z,Water Temperature,2.003,20.107,Deg-C,YSI_EXO2,LP3_2025-06-16 08:44_2.003_TWA-C_4,LongPond_profiles_2025.xlsx_2025-06-lp3,31,2025-08-08
1132,LP3,2025-06-16T08:44:00Z,Oxygen Saturation,2.003,101.4,%,YSI_EXO2,LP3_2025-06-16 08:44_2.003_LDOs_4,LongPond_profiles_2025.xlsx_2025-06-lp3,32,2025-08-08
1133,LP3,2025-06-16T08:44:00Z,Dissolved Oxygen,2.003,9.19,mg/L,YSI_EXO2,LP3_2025-06-16 08:44_2.003_LDOd_4,LongPond_profiles_2025.xlsx_2025-06-lp3,33,2025-08-08
1134,LP3,2025-06-16T08:44:00Z,Specific Conductance,2.003,136.8,uS/cm,YSI_EXO2,LP3_2025-06-16 08:44_2.003_SPCD_4,LongPond_profiles_2025.xlsx_2025-06-lp3,34,2025-08-08
1135,LP3,2025-06-16T08:44:00Z,pH,2.003,6.96,pH,YSI_EXO2,LP3_2025-06-16 08:44_2.003_pH_4,LongPond_profiles_2025.xlsx_2025-06-lp3,35,2025-08-08
1136,LP3,2025-06-16T08:44:00Z,Turbidity FNU,2.003,0.6,FNU,YSI_EXO2,LP3_2025-06-16 08:44_2.003_TUR-FNU_4,LongPond_profiles_2025.xlsx_2025-06-lp3,36,2025-08-08
1137,LP3,2025-06-16T08:44:00Z,Blue Green Algae RFU,2.003,0.16,RFU,YSI_EXO2,LP3_2025-06-16 08:44_2.003_BGA-PC-RFU_4,LongPond_profiles_2025.xlsx_2025-06-lp3,37,2025-08-08
1138,LP3,2025-06-16T08:44:00Z,Blue Green Algae,2.003,0.19,ug/L,YSI_EXO2,LP3_2025-06-16 08:44_2.003_BGA-PC_4,LongPond_profiles_2025.xlsx_2025-06-lp3,38,2025-08-08
1139,LP3,2025-06-16T08:44:00Z,Chlorophyll RFU,2.003,0.66,RFU,YSI_EXO2,LP3_2025-06-16 08:44_2.003_Chl-RFU_4,LongPond_profiles_2025.xlsx_2025-06-lp3,39,2025-08-08
1140,LP3,2025-06-16T08:44:00Z,Chlorophyll,2.003,2.57,ug/L,YSI_EXO2,LP3_2025-06-16 08:44_2.003_Chl_4,LongPond_profiles_2025.xlsx_2025-06-lp3,40,2025-08-08
1141,LP3,2025-06-16T08:45:00Z,Water Temperature,2,20.107,Deg-C,YSI_EXO2,LP3_2025-06-16 08:45_2_TWA-C_4,LongPond_profiles_2025.xlsx_2025-06-lp3,41,2025-08-08
1142,LP3,2025-06-16T08:45:00Z,Oxygen Saturation,2,101.3,%,YSI_EXO2,LP3_2025-06-16 08:45_2_LDOs_4,LongPond_profiles_2025.xlsx_2025-06-lp3,42,2025-08-08
1143,LP3,2025-06-16T08:45:00Z,Dissolved Oxygen,2,9.19,mg/L,YSI_EXO2,LP3_2025-06-16 08:45_2_LDOd_4,LongPond_profiles_2025.xlsx_2025-06-lp3,43,2025-08-08
1144,LP3,2025-06-16T08:45:00Z,Specific Conductance,2,136.8,uS/cm,YSI_EXO2,LP3_2025-06-16 08:45_2_SPCD_4,LongPond_profiles_2025.xlsx_2025-06-lp3,44,2025-08-08
1145,LP3,2025-06-16T08:45:00Z,pH,2,6.98,pH,YSI_EXO2,LP3_2025-06-16 08:45_2_pH_4,LongPond_profiles_2025.xlsx_2025-06-lp3,45,2025-08-08
1146,LP3,2025-06-16T08:45:00Z,Turbidity FNU,2,0.63,FNU,YSI_EXO2,LP3_2025-06-16 08:45_2_TUR-FNU_4,LongPond_profiles_2025.xlsx_2025-06-lp3,46,2025-08-08
1147,LP3,2025-06-16T08:45:00Z,Blue Green Algae RFU,2,0.09,RFU,YSI_EXO2,LP3_2025-06-16 08:45_2_BGA-PC-RFU_4,LongPond_profiles_2025.xlsx_2025-06-lp3,47,2025-08-08
1148,LP3,2025-06-16T08:45:00Z,Blue Green Algae,2,0.12,ug/L,YSI_EXO2,LP3_2025-06-16 08:45_2_BGA-PC_4,LongPond_profiles_2025.xlsx_2025-06-lp3,48,2025-08-08
1149,LP3,2025-06-16T08:45:00Z,Chlorophyll RFU,2,0.73,RFU,YSI_EXO2,LP3_2025-06-16 08:45_2_Chl-RFU_4,LongPond_profiles_2025.xlsx_2025-06-lp3,49,2025-08-08
1150,LP3,2025-06-16T08:45:00Z,Chlorophyll,2,2.88,ug/L,YSI_EXO2,LP3_2025-06-16 08:45_2_Chl_4,LongPond_profiles_2025.xlsx_2025-06-lp3,50,2025-08-08
1151,LP3,2025-06-16T08:46:00Z,Water Temperature,2.518,20.072,Deg-C,YSI_EXO2,LP3_2025-06-16 08:46_2.518_TWA-C_4,LongPond_profiles_2025.xlsx_2025-06-lp3,51,2025-08-08
1152,LP3,2025-06-16T08:46:00Z,Oxygen Saturation,2.518,100.1,%,YSI_EXO2,LP3_2025-06-16 08:46_2.518_LDOs_4,LongPond_profiles_2025.xlsx_2025-06-lp3,52,2025-08-08
1153,LP3,2025-06-16T08:46:00Z,Dissolved Oxygen,2.518,9.09,mg/L,YSI_EXO2,LP3_2025-06-16 08:46_2.518_LDOd_4,LongPond_profiles_2025.xlsx_2025-06-lp3,53,2025-08-08
1154,LP3,2025-06-16T08:46:00Z,Specific Conductance,2.518,136.7,uS/cm,YSI_EXO2,LP3_2025-06-16 08:46_2.518_SPCD_4,LongPond_profiles_2025.xlsx_2025-06-lp3,54,2025-08-08
1155,LP3,2025-06-16T08:46:00Z,pH,2.518,6.95,pH,YSI_EXO2,LP3_2025-06-16 08:46_2.518_pH_4,LongPond_profiles_2025.xlsx_2025-06-lp3,55,2025-08-08
1156,LP3,2025-06-16T08:46:00Z,Turbidity FNU,2.518,0.58,FNU,YSI_EXO2,LP3_2025-06-16 08:46_2.518_TUR-FNU_4,LongPond_profiles_2025.xlsx_2025-06-lp3,56,2025-08-08
1157,LP3,2025-06-16T08:46:00Z,Blue Green Algae RFU,2.518,0.17,RFU,YSI_EXO2,LP3_2025-06-16 08:46_2.518_BGA-PC-RFU_4,LongPond_profiles_2025.xlsx_2025-06-lp3,57,2025-08-08
1158,LP3,2025-06-16T08:46:00Z,Blue Green Algae,2.518,0.19,ug/L,YSI_EXO2,LP3_2025-06-16 08:46_2.518_BGA-PC_4,LongPond_profiles_2025.xlsx_2025-06-lp3,58,2025-08-08
1159,LP3,2025-06-16T08:46:00Z,Chlorophyll RFU,2.518,1.05,RFU,YSI_EXO2,LP3_2025-06-16 08:46_2.518_Chl-RFU_4,LongPond_profiles_2025.xlsx_2025-06-lp3,59,2025-08-08
1160,LP3,2025-06-16T08:46:00Z,Chlorophyll,2.518,4.17,ug/L,YSI_EXO2,LP3_2025-06-16 08:46_2.518_Chl_4,LongPond_profiles_2025.xlsx_2025-06-lp3,60,2025-08-08
1161,LP3,2025-06-16T08:47:00Z,Water Temperature,3.014,20.048,Deg-C,YSI_EXO2,LP3_2025-06-16 08:47_3.014_TWA-C_4,LongPond_profiles_2025.xlsx_2025-06-lp3,61,2025-08-08
1162,LP3,2025-06-16T08:47:00Z,Oxygen Saturation,3.014,99.5,%,YSI_EXO2,LP3_2025-06-16 08:47_3.014_LDOs_4,LongPond_profiles_2025.xlsx_2025-06-lp3,62,2025-08-08
1163,LP3,2025-06-16T08:47:00Z,Dissolved Oxygen,3.014,9.03,mg/L,YSI_EXO2,LP3_2025-06-16 08:47_3.014_LDOd_4,LongPond_profiles_2025.xlsx_2025-06-lp3,63,2025-08-08
1164,LP3,2025-06-16T08:47:00Z,Specific Conductance,3.014,136.6,uS/cm,YSI_EXO2,LP3_2025-06-16 08:47_3.014_SPCD_4,LongPond_profiles_2025.xlsx_2025-06-lp3,64,2025-08-08
1165,LP3,2025-06-16T08:47:00Z,pH,3.014,6.94,pH,YSI_EXO2,LP3_2025-06-16 08:47_3.014_pH_4,LongPond_profiles_2025.xlsx_2025-06-lp3,65,2025-08-08
1166,LP3,2025-06-16T08:47:00Z,Turbidity FNU,3.014,0.66,FNU,YSI_EXO2,LP3_2025-06-16 08:47_3.014_TUR-FNU_4,LongPond_profiles_2025.xlsx_2025-06-lp3,66,2025-08-08
1167,LP3,2025-06-16T08:47:00Z,Blue Green Algae RFU,3.014,0.16,RFU,YSI_EXO2,LP3_2025-06-16 08:47_3.014_BGA-PC-RFU_4,LongPond_profiles_2025.xlsx_2025-06-lp3,67,2025-08-08
1168,LP3,2025-06-16T08:47:00Z,Blue Green Algae,3.014,0.19,ug/L,YSI_EXO2,LP3_2025-06-16 08:47_3.014_BGA-PC_4,LongPond_profiles_2025.xlsx_2025-06-lp3,68,2025-08-08
1169,LP3,2025-06-16T08:47:00Z,Chlorophyll RFU,3.014,0.77,RFU,YSI_EXO2,LP3_2025-06-16 08:47_3.014_Chl-RFU_4,LongPond_profiles_2025.xlsx_2025-06-lp3,69,2025-08-08
1170,LP3,2025-06-16T08:47:00Z,Chlorophyll,3.014,3.02,ug/L,YSI_EXO2,LP3_2025-06-16 08:47_3.014_Chl_4,LongPond_profiles_2025.xlsx_2025-06-lp3,70,2025-08-08
1171,LP3,2025-07-16T08:37:00Z,Water Temperature,1.013,27.001,Deg-C,YSI_EXO2,LP3_2025-07-16 08:37_1.013_TWA-C_4,LongPond_profiles_2025.xlsx_2025-07_LP3,1,2025-08-08
1172,LP3,2025-07-16T08:37:00Z,Water Temperature,0.475,26.998,Deg-C,YSI_EXO2,LP3_2025-07-16 08:37_0.475_TWA-C_4,LongPond_profiles_2025.xlsx_2025-07_LP3,2,2025-08-08
1173,LP3,2025-07-16T08:37:00Z,Oxygen Saturation,1.013,99.6,%,YSI_EXO2,LP3_2025-07-16 08:37_1.013_LDOs_4,LongPond_profiles_2025.xlsx_2025-07_LP3,3,2025-08-08
1174,LP3,2025-07-16T08:37:00Z,Oxygen Saturation,0.475,99.8,%,YSI_EXO2,LP3_2025-07-16 08:37_0.475_LDOs_4,LongPond_profiles_2025.xlsx_2025-07_LP3,4,2025-08-08
1175,LP3,2025-07-16T08:37:00Z,Dissolved Oxygen,1.013,7.93,mg/L,YSI_EXO2,LP3_2025-07-16 08:37_1.013_LDOd_4,LongPond_profiles_2025.xlsx_2025-07_LP3,5,2025-08-08
1176,LP3,2025-07-16T08:37:00Z,Dissolved Oxygen,0.475,7.95,mg/L,YSI_EXO2,LP3_2025-07-16 08:37_0.475_LDOd_4,LongPond_profiles_2025.xlsx_2025-07_LP3,6,2025-08-08
1177,LP3,2025-07-16T08:37:00Z,Specific Conductance,1.013,144.5,uS/cm,YSI_EXO2,LP3_2025-07-16 08:37_1.013_SPCD_4,LongPond_profiles_2025.xlsx_2025-07_LP3,7,2025-08-08
1178,LP3,2025-07-16T08:37:00Z,Specific Conductance,0.475,144.4,uS/cm,YSI_EXO2,LP3_2025-07-16 08:37_0.475_SPCD_4,LongPond_profiles_2025.xlsx_2025-07_LP3,8,2025-08-08
1179,LP3,2025-07-16T08:37:00Z,pH,1.013,7.02,pH,YSI_EXO2,LP3_2025-07-16 08:37_1.013_pH_4,LongPond_profiles_2025.xlsx_2025-07_LP3,9,2025-08-08
1180,LP3,2025-07-16T08:37:00Z,pH,0.475,7.03,pH,YSI_EXO2,LP3_2025-07-16 08:37_0.475_pH_4,LongPond_profiles_2025.xlsx_2025-07_LP3,10,2025-08-08
1181,LP3,2025-07-16T08:37:00Z,Turbidity FNU,1.013,0.23,FNU,YSI_EXO2,LP3_2025-07-16 08:37_1.013_TUR-FNU_4,LongPond_profiles_2025.xlsx_2025-07_LP3,11,2025-08-08
1182,LP3,2025-07-16T08:37:00Z,Turbidity FNU,0.475,0.27,FNU,YSI_EXO2,LP3_2025-07-16 08:37_0.475_TUR-FNU_4,LongPond_profiles_2025.xlsx_2025-07_LP3,12,2025-08-08
1183,LP3,2025-07-16T08:37:00Z,Blue Green Algae RFU,1.013,-0.19,RFU,YSI_EXO2,LP3_2025-07-16 08:37_1.013_BGA-PC-RFU_4,LongPond_profiles_2025.xlsx_2025-07_LP3,13,2025-08-08
1184,LP3,2025-07-16T08:37:00Z,Blue Green Algae RFU,0.475,-0.08,RFU,YSI_EXO2,LP3_2025-07-16 08:37_0.475_BGA-PC-RFU_4,LongPond_profiles_2025.xlsx_2025-07_LP3,14,2025-08-08
1185,LP3,2025-07-16T08:37:00Z,Blue Green Algae,1.013,-0.13,ug/L,YSI_EXO2,LP3_2025-07-16 08:37_1.013_BGA-PC_4,LongPond_profiles_2025.xlsx_2025-07_LP3,15,2025-08-08
1186,LP3,2025-07-16T08:37:00Z,Blue Green Algae,0.475,-0.02,ug/L,YSI_EXO2,LP3_2025-07-16 08:37_0.475_BGA-PC_4,LongPond_profiles_2025.xlsx_2025-07_LP3,16,2025-08-08
1187,LP3,2025-07-16T08:37:00Z,Chlorophyll RFU,1.013,0.22,RFU,YSI_EXO2,LP3_2025-07-16 08:37_1.013_Chl-RFU_4,LongPond_profiles_2025.xlsx_2025-07_LP3,17,2025-08-08
1188,LP3,2025-07-16T08:37:00Z,Chlorophyll RFU,0.475,0.29,RFU,YSI_EXO2,LP3_2025-07-16 08:37_0.475_Chl-RFU_4,LongPond_profiles_2025.xlsx_2025-07_LP3,18,2025-08-08
1189,LP3,2025-07-16T08:37:00Z,Chlorophyll,1.013,1.11,ug/L,YSI_EXO2,LP3_2025-07-16 08:37_1.013_Chl_4,LongPond_profiles_2025.xlsx_2025-07_LP3,19,2025-08-08
1190,LP3,2025-07-16T08:37:00Z,Chlorophyll,0.475,1.35,ug/L,YSI_EXO2,LP3_2025-07-16 08:37_0.475_Chl_4,LongPond_profiles_2025.xlsx_2025-07_LP3,20,2025-08-08
1191,LP3,2025-07-16T08:38:00Z,Water Temperature,1.494,26.941,Deg-C,YSI_EXO2,LP3_2025-07-16 08:38_1.494_TWA-C_4,LongPond_profiles_2025.xlsx_2025-07_LP3,21,2025-08-08
1192,LP3,2025-07-16T08:38:00Z,Oxygen Saturation,1.494,99.7,%,YSI_EXO2,LP3_2025-07-16 08:38_1.494_LDOs_4,LongPond_profiles_2025.xlsx_2025-07_LP3,22,2025-08-08
1193,LP3,2025-07-16T08:38:00Z,Dissolved Oxygen,1.494,7.95,mg/L,YSI_EXO2,LP3_2025-07-16 08:38_1.494_LDOd_4,LongPond_profiles_2025.xlsx_2025-07_LP3,23,2025-08-08
1194,LP3,2025-07-16T08:38:00Z,Specific Conductance,1.494,144.3,uS/cm,YSI_EXO2,LP3_2025-07-16 08:38_1.494_SPCD_4,LongPond_profiles_2025.xlsx_2025-07_LP3,24,2025-08-08
1195,LP3,2025-07-16T08:38:00Z,pH,1.494,7.01,pH,YSI_EXO2,LP3_2025-07-16 08:38_1.494_pH_4,LongPond_profiles_2025.xlsx_2025-07_LP3,25,2025-08-08
1196,LP3,2025-07-16T08:38:00Z,Turbidity FNU,1.494,0.3,FNU,YSI_EXO2,LP3_2025-07-16 08:38_1.494_TUR-FNU_4,LongPond_profiles_2025.xlsx_2025-07_LP3,26,2025-08-08
1197,LP3,2025-07-16T08:38:00Z,Blue Green Algae RFU,1.494,-0.15,RFU,YSI_EXO2,LP3_2025-07-16 08:38_1.494_BGA-PC-RFU_4,LongPond_profiles_2025.xlsx_2025-07_LP3,27,2025-08-08
1198,LP3,2025-07-16T08:38:00Z,Blue Green Algae,1.494,-0.09,ug/L,YSI_EXO2,LP3_2025-07-16 08:38_1.494_BGA-PC_4,LongPond_profiles_2025.xlsx_2025-07_LP3,28,2025-08-08
1199,LP3,2025-07-16T08:38:00Z,Chlorophyll RFU,1.494,0.4,RFU,YSI_EXO2,LP3_2025-07-16 08:38_1.494_Chl-RFU_4,LongPond_profiles_2025.xlsx_2025-07_LP3,29,2025-08-08
1200,LP3,2025-07-16T08:38:00Z,Chlorophyll,1.494,1.82,ug/L,YSI_EXO2,LP3_2025-07-16 08:38_1.494_Chl_4,LongPond_profiles_2025.xlsx_2025-07_LP3,30,2025-08-08
1201,LP3,2025-07-16T08:39:00Z,Water Temperature,2.454,26.575,Deg-C,YSI_EXO2,LP3_2025-07-16 08:39_2.454_TWA-C_4,LongPond_profiles_2025.xlsx_2025-07_LP3,31,2025-08-08
1202,LP3,2025-07-16T08:39:00Z,Water Temperature,2.014,26.709,Deg-C,YSI_EXO2,LP3_2025-07-16 08:39_2.014_TWA-C_4,LongPond_profiles_2025.xlsx_2025-07_LP3,32,2025-08-08
1203,LP3,2025-07-16T08:39:00Z,Oxygen Saturation,2.454,98,%,YSI_EXO2,LP3_2025-07-16 08:39_2.454_LDOs_4,LongPond_profiles_2025.xlsx_2025-07_LP3,33,2025-08-08
1204,LP3,2025-07-16T08:39:00Z,Oxygen Saturation,2.014,98,%,YSI_EXO2,LP3_2025-07-16 08:39_2.014_LDOs_4,LongPond_profiles_2025.xlsx_2025-07_LP3,34,2025-08-08
1205,LP3,2025-07-16T08:39:00Z,Dissolved Oxygen,2.454,7.87,mg/L,YSI_EXO2,LP3_2025-07-16 08:39_2.454_LDOd_4,LongPond_profiles_2025.xlsx_2025-07_LP3,35,2025-08-08
1206,LP3,2025-07-16T08:39:00Z,Dissolved Oxygen,2.014,7.85,mg/L,YSI_EXO2,LP3_2025-07-16 08:39_2.014_LDOd_4,LongPond_profiles_2025.xlsx_2025-07_LP3,36,2025-08-08
1207,LP3,2025-07-16T08:39:00Z,Specific Conductance,2.454,143.9,uS/cm,YSI_EXO2,LP3_2025-07-16 08:39_2.454_SPCD_4,LongPond_profiles_2025.xlsx_2025-07_LP3,37,2025-08-08
1208,LP3,2025-07-16T08:39:00Z,Specific Conductance,2.014,144.3,uS/cm,YSI_EXO2,LP3_2025-07-16 08:39_2.014_SPCD_4,LongPond_profiles_2025.xlsx_2025-07_LP3,38,2025-08-08
1209,LP3,2025-07-16T08:39:00Z,pH,2.454,6.9,pH,YSI_EXO2,LP3_2025-07-16 08:39_2.454_pH_4,LongPond_profiles_2025.xlsx_2025-07_LP3,39,2025-08-08
1210,LP3,2025-07-16T08:39:00Z,pH,2.014,6.91,pH,YSI_EXO2,LP3_2025-07-16 08:39_2.014_pH_4,LongPond_profiles_2025.xlsx_2025-07_LP3,40,2025-08-08
1211,LP3,2025-07-16T08:39:00Z,Turbidity FNU,2.454,0.4,FNU,YSI_EXO2,LP3_2025-07-16 08:39_2.454_TUR-FNU_4,LongPond_profiles_2025.xlsx_2025-07_LP3,41,2025-08-08
1212,LP3,2025-07-16T08:39:00Z,Turbidity FNU,2.014,0.36,FNU,YSI_EXO2,LP3_2025-07-16 08:39_2.014_TUR-FNU_4,LongPond_profiles_2025.xlsx_2025-07_LP3,42,2025-08-08
1213,LP3,2025-07-16T08:39:00Z,Blue Green Algae RFU,2.454,-0.07,RFU,YSI_EXO2,LP3_2025-07-16 08:39_2.454_BGA-PC-RFU_4,LongPond_profiles_2025.xlsx_2025-07_LP3,43,2025-08-08
1214,LP3,2025-07-16T08:39:00Z,Blue Green Algae RFU,2.014,-0.08,RFU,YSI_EXO2,LP3_2025-07-16 08:39_2.014_BGA-PC-RFU_4,LongPond_profiles_2025.xlsx_2025-07_LP3,44,2025-08-08
1215,LP3,2025-07-16T08:39:00Z,Blue Green Algae,2.454,0,ug/L,YSI_EXO2,LP3_2025-07-16 08:39_2.454_BGA-PC_4,LongPond_profiles_2025.xlsx_2025-07_LP3,45,2025-08-08
1216,LP3,2025-07-16T08:39:00Z,Blue Green Algae,2.014,-0.01,ug/L,YSI_EXO2,LP3_2025-07-16 08:39_2.014_BGA-PC_4,LongPond_profiles_2025.xlsx_2025-07_LP3,46,2025-08-08
1217,LP3,2025-07-16T08:39:00Z,Chlorophyll RFU,2.454,0.72,RFU,YSI_EXO2,LP3_2025-07-16 08:39_2.454_Chl-RFU_4,LongPond_profiles_2025.xlsx_2025-07_LP3,47,2025-08-08
1218,LP3,2025-07-16T08:39:00Z,Chlorophyll RFU,2.014,0.55,RFU,YSI_EXO2,LP3_2025-07-16 08:39_2.014_Chl-RFU_4,LongPond_profiles_2025.xlsx_2025-07_LP3,48,2025-08-08
1219,LP3,2025-07-16T08:39:00Z,Chlorophyll,2.454,3.09,ug/L,YSI_EXO2,LP3_2025-07-16 08:39_2.454_Chl_4,LongPond_profiles_2025.xlsx_2025-07_LP3,49,2025-08-08
1220,LP3,2025-07-16T08:39:00Z,Chlorophyll,2.014,2.4,ug/L,YSI_EXO2,LP3_2025-07-16 08:39_2.014_Chl_4,LongPond_profiles_2025.xlsx_2025-07_LP3,50,2025-08-08
1221,LP3,2025-07-16T08:40:00Z,Water Temperature,2.456,26.583,Deg-C,YSI_EXO2,LP3_2025-07-16 08:40_2.456_TWA-C_4,LongPond_profiles_2025.xlsx_2025-07_LP3,51,2025-08-08
1222,LP3,2025-07-16T08:40:00Z,Oxygen Saturation,2.456,98.7,%,YSI_EXO2,LP3_2025-07-16 08:40_2.456_LDOs_4,LongPond_profiles_2025.xlsx_2025-07_LP3,52,2025-08-08
1223,LP3,2025-07-16T08:40:00Z,Dissolved Oxygen,2.456,7.92,mg/L,YSI_EXO2,LP3_2025-07-16 08:40_2.456_LDOd_4,LongPond_profiles_2025.xlsx_2025-07_LP3,53,2025-08-08
1224,LP3,2025-07-16T08:40:00Z,Specific Conductance,2.456,143.9,uS/cm,YSI_EXO2,LP3_2025-07-16 08:40_2.456_SPCD_4,LongPond_profiles_2025.xlsx_2025-07_LP3,54,2025-08-08
1225,LP3,2025-07-16T08:40:00Z,pH,2.456,6.83,pH,YSI_EXO2,LP3_2025-07-16 08:40_2.456_pH_4,LongPond_profiles_2025.xlsx_2025-07_LP3,55,2025-08-08
1226,LP3,2025-07-16T08:40:00Z,Turbidity FNU,2.456,0.49,FNU,YSI_EXO2,LP3_2025-07-16 08:40_2.456_TUR-FNU_4,LongPond_profiles_2025.xlsx_2025-07_LP3,56,2025-08-08
1227,LP3,2025-07-16T08:40:00Z,Blue Green Algae RFU,2.456,-0.14,RFU,YSI_EXO2,LP3_2025-07-16 08:40_2.456_BGA-PC-RFU_4,LongPond_profiles_2025.xlsx_2025-07_LP3,57,2025-08-08
1228,LP3,2025-07-16T08:40:00Z,Blue Green Algae,2.456,-0.07,ug/L,YSI_EXO2,LP3_2025-07-16 08:40_2.456_BGA-PC_4,LongPond_profiles_2025.xlsx_2025-07_LP3,58,2025-08-08
1229,LP3,2025-07-16T08:40:00Z,Chlorophyll RFU,2.456,0.63,RFU,YSI_EXO2,LP3_2025-07-16 08:40_2.456_Chl-RFU_4,LongPond_profiles_2025.xlsx_2025-07_LP3,59,2025-08-08
1230,LP3,2025-07-16T08:40:00Z,Chlorophyll,2.456,2.71,ug/L,YSI_EXO2,LP3_2025-07-16 08:40_2.456_Chl_4,LongPond_profiles_2025.xlsx_2025-07_LP3,60,2025-08-08
1231,LP3,2025-07-16T08:41:00Z,Water Temperature,3.479,26.243,Deg-C,YSI_EXO2,LP3_2025-07-16 08:41_3.479_TWA-C_4,LongPond_profiles_2025.xlsx_2025-07_LP3,61,2025-08-08
1232,LP3,2025-07-16T08:41:00Z,Water Temperature,2.967,26.446,Deg-C,YSI_EXO2,LP3_2025-07-16 08:41_2.967_TWA-C_4,LongPond_profiles_2025.xlsx_2025-07_LP3,62,2025-08-08
1233,LP3,2025-07-16T08:41:00Z,Oxygen Saturation,3.479,93.1,%,YSI_EXO2,LP3_2025-07-16 08:41_3.479_LDOs_4,LongPond_profiles_2025.xlsx_2025-07_LP3,63,2025-08-08
1234,LP3,2025-07-16T08:41:00Z,Oxygen Saturation,2.967,97.4,%,YSI_EXO2,LP3_2025-07-16 08:41_2.967_LDOs_4,LongPond_profiles_2025.xlsx_2025-07_LP3,64,2025-08-08
1235,LP3,2025-07-16T08:41:00Z,Dissolved Oxygen,3.479,7.52,mg/L,YSI_EXO2,LP3_2025-07-16 08:41_3.479_LDOd_4,LongPond_profiles_2025.xlsx_2025-07_LP3,65,2025-08-08
1236,LP3,2025-07-16T08:41:00Z,Dissolved Oxygen,2.967,7.84,mg/L,YSI_EXO2,LP3_2025-07-16 08:41_2.967_LDOd_4,LongPond_profiles_2025.xlsx_2025-07_LP3,66,2025-08-08
1237,LP3,2025-07-16T08:41:00Z,Specific Conductance,3.479,143.9,uS/cm,YSI_EXO2,LP3_2025-07-16 08:41_3.479_SPCD_4,LongPond_profiles_2025.xlsx_2025-07_LP3,67,2025-08-08
1238,LP3,2025-07-16T08:41:00Z,Specific Conductance,2.967,143.7,uS/cm,YSI_EXO2,LP3_2025-07-16 08:41_2.967_SPCD_4,LongPond_profiles_2025.xlsx_2025-07_LP3,68,2025-08-08
1239,LP3,2025-07-16T08:41:00Z,pH,3.479,6.16,pH,YSI_EXO2,LP3_2025-07-16 08:41_3.479_pH_4,LongPond_profiles_2025.xlsx_2025-07_LP3,69,2025-08-08
1240,LP3,2025-07-16T08:41:00Z,pH,2.967,6.29,pH,YSI_EXO2,LP3_2025-07-16 08:41_2.967_pH_4,LongPond_profiles_2025.xlsx_2025-07_LP3,70,2025-08-08
1241,LP3,2025-07-16T08:41:00Z,Turbidity FNU,3.479,0.74,FNU,YSI_EXO2,LP3_2025-07-16 08:41_3.479_TUR-FNU_4,LongPond_profiles_2025.xlsx_2025-07_LP3,71,2025-08-08
1242,LP3,2025-07-16T08:41:00Z,Turbidity FNU,2.967,0.43,FNU,YSI_EXO2,LP3_2025-07-16 08:41_2.967_TUR-FNU_4,LongPond_profiles_2025.xlsx_2025-07_LP3,72,2025-08-08
1243,LP3,2025-07-16T08:41:00Z,Blue Green Algae RFU,3.479,-0.04,RFU,YSI_EXO2,LP3_2025-07-16 08:41_3.479_BGA-PC-RFU_4,LongPond_profiles_2025.xlsx_2025-07_LP3,73,2025-08-08
1244,LP3,2025-07-16T08:41:00Z,Blue Green Algae RFU,2.967,-0.15,RFU,YSI_EXO2,LP3_2025-07-16 08:41_2.967_BGA-PC-RFU_4,LongPond_profiles_2025.xlsx_2025-07_LP3,74,2025-08-08
1245,LP3,2025-07-16T08:41:00Z,Blue Green Algae,3.479,0.03,ug/L,YSI_EXO2,LP3_2025-07-16 08:41_3.479_BGA-PC_4,LongPond_profiles_2025.xlsx_2025-07_LP3,75,2025-08-08
1246,LP3,2025-07-16T08:41:00Z,Blue Green Algae,2.967,-0.08,ug/L,YSI_EXO2,LP3_2025-07-16 08:41_2.967_BGA-PC_4,LongPond_profiles_2025.xlsx_2025-07_LP3,76,2025-08-08
1247,LP3,2025-07-16T08:41:00Z,Chlorophyll RFU,3.479,0.43,RFU,YSI_EXO2,LP3_2025-07-16 08:41_3.479_Chl-RFU_4,LongPond_profiles_2025.xlsx_2025-07_LP3,77,2025-08-08
1248,LP3,2025-07-16T08:41:00Z,Chlorophyll RFU,2.967,0.54,RFU,YSI_EXO2,LP3_2025-07-16 08:41_2.967_Chl-RFU_4,LongPond_profiles_2025.xlsx_2025-07_LP3,78,2025-08-08
1249,LP3,2025-07-16T08:41:00Z,Chlorophyll,3.479,1.91,ug/L,YSI_EXO2,LP3_2025-07-16 08:41_3.479_Chl_4,LongPond_profiles_2025.xlsx_2025-07_LP3,79,2025-08-08
1250,LP3,2025-07-16T08:41:00Z,Chlorophyll,2.967,2.35,ug/L,YSI_EXO2,LP3_2025-07-16 08:41_2.967_Chl_4,LongPond_profiles_2025.xlsx_2025-07_LP3,80,2025-08-08
1279,LP2,2025-07-16T08:51:00Z,Chlorophyll RFU,1.016,0.22,RFU,YSI_EXO2,LP2_2025-07-16 08:51_1.016_Chl-RFU_4,LongPond_profiles_2025.xlsx_2025-07_LP2,29,2025-08-08
1280,LP2,2025-07-16T08:51:00Z,Chlorophyll,1.016,1.08,ug/L,YSI_EXO2,LP2_2025-07-16 08:51_1.016_Chl_4,LongPond_profiles_2025.xlsx_2025-07_LP2,30,2025-08-08
1281,LP2,2025-07-16T08:52:00Z,Water Temperature,1.475,26.915,Deg-C,YSI_EXO2,LP2_2025-07-16 08:52_1.475_TWA-C_4,LongPond_profiles_2025.xlsx_2025-07_LP2,31,2025-08-08
1282,LP2,2025-07-16T08:52:00Z,Oxygen Saturation,1.475,100,%,YSI_EXO2,LP2_2025-07-16 08:52_1.475_LDOs_4,LongPond_profiles_2025.xlsx_2025-07_LP2,32,2025-08-08
1283,LP2,2025-07-16T08:52:00Z,Dissolved Oxygen,1.475,7.98,mg/L,YSI_EXO2,LP2_2025-07-16 08:52_1.475_LDOd_4,LongPond_profiles_2025.xlsx_2025-07_LP2,33,2025-08-08
1284,LP2,2025-07-16T08:52:00Z,Specific Conductance,1.475,144.5,uS/cm,YSI_EXO2,LP2_2025-07-16 08:52_1.475_SPCD_4,LongPond_profiles_2025.xlsx_2025-07_LP2,34,2025-08-08
1285,LP2,2025-07-16T08:52:00Z,pH,1.475,6.96,pH,YSI_EXO2,LP2_2025-07-16 08:52_1.475_pH_4,LongPond_profiles_2025.xlsx_2025-07_LP2,35,2025-08-08
1286,LP2,2025-07-16T08:52:00Z,Turbidity FNU,1.475,0.28,FNU,YSI_EXO2,LP2_2025-07-16 08:52_1.475_TUR-FNU_4,LongPond_profiles_2025.xlsx_2025-07_LP2,36,2025-08-08
1287,LP2,2025-07-16T08:52:00Z,Blue Green Algae RFU,1.475,-0.16,RFU,YSI_EXO2,LP2_2025-07-16 08:52_1.475_BGA-PC-RFU_4,LongPond_profiles_2025.xlsx_2025-07_LP2,37,2025-08-08
1288,LP2,2025-07-16T08:52:00Z,Blue Green Algae,1.475,-0.09,ug/L,YSI_EXO2,LP2_2025-07-16 08:52_1.475_BGA-PC_4,LongPond_profiles_2025.xlsx_2025-07_LP2,38,2025-08-08
1289,LP2,2025-07-16T08:52:00Z,Chlorophyll RFU,1.475,0.29,RFU,YSI_EXO2,LP2_2025-07-16 08:52_1.475_Chl-RFU_4,LongPond_profiles_2025.xlsx_2025-07_LP2,39,2025-08-08
1290,LP2,2025-07-16T08:52:00Z,Chlorophyll,1.475,1.36,ug/L,YSI_EXO2,LP2_2025-07-16 08:52_1.475_Chl_4,LongPond_profiles_2025.xlsx_2025-07_LP2,40,2025-08-08
1291,LP2,2025-07-16T08:53:00Z,Water Temperature,2.51,26.5,Deg-C,YSI_EXO2,LP2_2025-07-16 08:53_2.51_TWA-C_4,LongPond_profiles_2025.xlsx_2025-07_LP2,41,2025-08-08
1292,LP2,2025-07-16T08:53:00Z,Water Temperature,2.025,26.663,Deg-C,YSI_EXO2,LP2_2025-07-16 08:53_2.025_TWA-C_4,LongPond_profiles_2025.xlsx_2025-07_LP2,42,2025-08-08
1293,LP2,2025-07-16T08:53:00Z,Oxygen Saturation,2.51,97.6,%,YSI_EXO2,LP2_2025-07-16 08:53_2.51_LDOs_4,LongPond_profiles_2025.xlsx_2025-07_LP2,43,2025-08-08
1294,LP2,2025-07-16T08:53:00Z,Oxygen Saturation,2.025,99.7,%,YSI_EXO2,LP2_2025-07-16 08:53_2.025_LDOs_4,LongPond_profiles_2025.xlsx_2025-07_LP2,44,2025-08-08
1295,LP2,2025-07-16T08:53:00Z,Dissolved Oxygen,2.51,7.84,mg/L,YSI_EXO2,LP2_2025-07-16 08:53_2.51_LDOd_4,LongPond_profiles_2025.xlsx_2025-07_LP2,45,2025-08-08
1296,LP2,2025-07-16T08:53:00Z,Dissolved Oxygen,2.025,7.99,mg/L,YSI_EXO2,LP2_2025-07-16 08:53_2.025_LDOd_4,LongPond_profiles_2025.xlsx_2025-07_LP2,46,2025-08-08
1297,LP2,2025-07-16T08:53:00Z,Specific Conductance,2.51,144.3,uS/cm,YSI_EXO2,LP2_2025-07-16 08:53_2.51_SPCD_4,LongPond_profiles_2025.xlsx_2025-07_LP2,47,2025-08-08
1298,LP2,2025-07-16T08:53:00Z,Specific Conductance,2.025,144.2,uS/cm,YSI_EXO2,LP2_2025-07-16 08:53_2.025_SPCD_4,LongPond_profiles_2025.xlsx_2025-07_LP2,48,2025-08-08
1299,LP2,2025-07-16T08:53:00Z,pH,2.51,6.88,pH,YSI_EXO2,LP2_2025-07-16 08:53_2.51_pH_4,LongPond_profiles_2025.xlsx_2025-07_LP2,49,2025-08-08
1300,LP2,2025-07-16T08:53:00Z,pH,2.025,6.95,pH,YSI_EXO2,LP2_2025-07-16 08:53_2.025_pH_4,LongPond_profiles_2025.xlsx_2025-07_LP2,50,2025-08-08
1301,LP2,2025-07-16T08:53:00Z,Turbidity FNU,2.51,0.4,FNU,YSI_EXO2,LP2_2025-07-16 08:53_2.51_TUR-FNU_4,LongPond_profiles_2025.xlsx_2025-07_LP2,51,2025-08-08
1302,LP2,2025-07-16T08:53:00Z,Turbidity FNU,2.025,0.38,FNU,YSI_EXO2,LP2_2025-07-16 08:53_2.025_TUR-FNU_4,LongPond_profiles_2025.xlsx_2025-07_LP2,52,2025-08-08
1303,LP2,2025-07-16T08:53:00Z,Blue Green Algae RFU,2.51,-0.14,RFU,YSI_EXO2,LP2_2025-07-16 08:53_2.51_BGA-PC-RFU_4,LongPond_profiles_2025.xlsx_2025-07_LP2,53,2025-08-08
1304,LP2,2025-07-16T08:53:00Z,Blue Green Algae RFU,2.025,-0.24,RFU,YSI_EXO2,LP2_2025-07-16 08:53_2.025_BGA-PC-RFU_4,LongPond_profiles_2025.xlsx_2025-07_LP2,54,2025-08-08
1305,LP2,2025-07-16T08:53:00Z,Blue Green Algae,2.51,-0.07,ug/L,YSI_EXO2,LP2_2025-07-16 08:53_2.51_BGA-PC_4,LongPond_profiles_2025.xlsx_2025-07_LP2,55,2025-08-08
1306,LP2,2025-07-16T08:53:00Z,Blue Green Algae,2.025,-0.17,ug/L,YSI_EXO2,LP2_2025-07-16 08:53_2.025_BGA-PC_4,LongPond_profiles_2025.xlsx_2025-07_LP2,56,2025-08-08
1307,LP2,2025-07-16T08:53:00Z,Chlorophyll RFU,2.51,0.35,RFU,YSI_EXO2,LP2_2025-07-16 08:53_2.51_Chl-RFU_4,LongPond_profiles_2025.xlsx_2025-07_LP2,57,2025-08-08
1308,LP2,2025-07-16T08:53:00Z,Chlorophyll RFU,2.025,0.26,RFU,YSI_EXO2,LP2_2025-07-16 08:53_2.025_Chl-RFU_4,LongPond_profiles_2025.xlsx_2025-07_LP2,58,2025-08-08
1309,LP2,2025-07-16T08:53:00Z,Chlorophyll,2.51,1.63,ug/L,YSI_EXO2,LP2_2025-07-16 08:53_2.51_Chl_4,LongPond_profiles_2025.xlsx_2025-07_LP2,59,2025-08-08
1310,LP2,2025-07-16T08:53:00Z,Chlorophyll,2.025,1.26,ug/L,YSI_EXO2,LP2_2025-07-16 08:53_2.025_Chl_4,LongPond_profiles_2025.xlsx_2025-07_LP2,60,2025-08-08
1311,LP2,2025-07-16T08:54:00Z,Water Temperature,2.998,26.355,Deg-C,YSI_EXO2,LP2_2025-07-16 08:54_2.998_TWA-C_4,LongPond_profiles_2025.xlsx_2025-07_LP2,61,2025-08-08
1312,LP2,2025-07-16T08:54:00Z,Oxygen Saturation,2.998,94.5,%,YSI_EXO2,LP2_2025-07-16 08:54_2.998_LDOs_4,LongPond_profiles_2025.xlsx_2025-07_LP2,62,2025-08-08
1313,LP2,2025-07-16T08:54:00Z,Dissolved Oxygen,2.998,7.61,mg/L,YSI_EXO2,LP2_2025-07-16 08:54_2.998_LDOd_4,LongPond_profiles_2025.xlsx_2025-07_LP2,63,2025-08-08
1314,LP2,2025-07-16T08:54:00Z,Specific Conductance,2.998,144.3,uS/cm,YSI_EXO2,LP2_2025-07-16 08:54_2.998_SPCD_4,LongPond_profiles_2025.xlsx_2025-07_LP2,64,2025-08-08
1315,LP2,2025-07-16T08:54:00Z,pH,2.998,6.75,pH,YSI_EXO2,LP2_2025-07-16 08:54_2.998_pH_4,LongPond_profiles_2025.xlsx_2025-07_LP2,65,2025-08-08
1316,LP2,2025-07-16T08:54:00Z,Turbidity FNU,2.998,0.4,FNU,YSI_EXO2,LP2_2025-07-16 08:54_2.998_TUR-FNU_4,LongPond_profiles_2025.xlsx_2025-07_LP2,66,2025-08-08
1317,LP2,2025-07-16T08:54:00Z,Blue Green Algae RFU,2.998,-0.02,RFU,YSI_EXO2,LP2_2025-07-16 08:54_2.998_BGA-PC-RFU_4,LongPond_profiles_2025.xlsx_2025-07_LP2,67,2025-08-08
1318,LP2,2025-07-16T08:54:00Z,Blue Green Algae,2.998,0.05,ug/L,YSI_EXO2,LP2_2025-07-16 08:54_2.998_BGA-PC_4,LongPond_profiles_2025.xlsx_2025-07_LP2,68,2025-08-08
1319,LP2,2025-07-16T08:54:00Z,Chlorophyll RFU,2.998,0.32,RFU,YSI_EXO2,LP2_2025-07-16 08:54_2.998_Chl-RFU_4,LongPond_profiles_2025.xlsx_2025-07_LP2,69,2025-08-08
1320,LP2,2025-07-16T08:54:00Z,Chlorophyll,2.998,1.49,ug/L,YSI_EXO2,LP2_2025-07-16 08:54_2.998_Chl_4,LongPond_profiles_2025.xlsx_2025-07_LP2,70,2025-08-08
1321,LP2,2025-07-16T08:55:00Z,Water Temperature,3.517,26.048,Deg-C,YSI_EXO2,LP2_2025-07-16 08:55_3.517_TWA-C_4,LongPond_profiles_2025.xlsx_2025-07_LP2,71,2025-08-08
1322,LP2,2025-07-16T08:55:00Z,Oxygen Saturation,3.517,91.1,%,YSI_EXO2,LP2_2025-07-16 08:55_3.517_LDOs_4,LongPond_profiles_2025.xlsx_2025-07_LP2,72,2025-08-08
1323,LP2,2025-07-16T08:55:00Z,Dissolved Oxygen,3.517,7.39,mg/L,YSI_EXO2,LP2_2025-07-16 08:55_3.517_LDOd_4,LongPond_profiles_2025.xlsx_2025-07_LP2,73,2025-08-08
1324,LP2,2025-07-16T08:55:00Z,Specific Conductance,3.517,144.8,uS/cm,YSI_EXO2,LP2_2025-07-16 08:55_3.517_SPCD_4,LongPond_profiles_2025.xlsx_2025-07_LP2,74,2025-08-08
1325,LP2,2025-07-16T08:55:00Z,pH,3.517,6,pH,YSI_EXO2,LP2_2025-07-16 08:55_3.517_pH_4,LongPond_profiles_2025.xlsx_2025-07_LP2,75,2025-08-08
1326,LP2,2025-07-16T08:55:00Z,Turbidity FNU,3.517,0.51,FNU,YSI_EXO2,LP2_2025-07-16 08:55_3.517_TUR-FNU_4,LongPond_profiles_2025.xlsx_2025-07_LP2,76,2025-08-08
1327,LP2,2025-07-16T08:55:00Z,Blue Green Algae RFU,3.517,-0.01,RFU,YSI_EXO2,LP2_2025-07-16 08:55_3.517_BGA-PC-RFU_4,LongPond_profiles_2025.xlsx_2025-07_LP2,77,2025-08-08
1328,LP2,2025-07-16T08:55:00Z,Blue Green Algae,3.517,0.06,ug/L,YSI_EXO2,LP2_2025-07-16 08:55_3.517_BGA-PC_4,LongPond_profiles_2025.xlsx_2025-07_LP2,78,2025-08-08
1329,LP2,2025-07-16T08:55:00Z,Chlorophyll RFU,3.517,0.44,RFU,YSI_EXO2,LP2_2025-07-16 08:55_3.517_Chl-RFU_4,LongPond_profiles_2025.xlsx_2025-07_LP2,79,2025-08-08
1330,LP2,2025-07-16T08:55:00Z,Chlorophyll,3.517,1.98,ug/L,YSI_EXO2,LP2_2025-07-16 08:55_3.517_Chl_4,LongPond_profiles_2025.xlsx_2025-07_LP2,80,2025-08-08
1331,LP2,2025-07-16T08:56:00Z,Water Temperature,4.506,22.614,Deg-C,YSI_EXO2,LP2_2025-07-16 08:56_4.506_TWA-C_4,LongPond_profiles_2025.xlsx_2025-07_LP2,81,2025-08-08
1332,LP2,2025-07-16T08:56:00Z,Water Temperature,3.993,24.831,Deg-C,YSI_EXO2,LP2_2025-07-16 08:56_3.993_TWA-C_4,LongPond_profiles_2025.xlsx_2025-07_LP2,82,2025-08-08
1333,LP2,2025-07-16T08:56:00Z,Oxygen Saturation,4.506,81.1,%,YSI_EXO2,LP2_2025-07-16 08:56_4.506_LDOs_4,LongPond_profiles_2025.xlsx_2025-07_LP2,83,2025-08-08
1334,LP2,2025-07-16T08:56:00Z,Oxygen Saturation,3.993,85,%,YSI_EXO2,LP2_2025-07-16 08:56_3.993_LDOs_4,LongPond_profiles_2025.xlsx_2025-07_LP2,84,2025-08-08
1335,LP2,2025-07-16T08:56:00Z,Dissolved Oxygen,4.506,7.01,mg/L,YSI_EXO2,LP2_2025-07-16 08:56_4.506_LDOd_4,LongPond_profiles_2025.xlsx_2025-07_LP2,85,2025-08-08
1336,LP2,2025-07-16T08:56:00Z,Dissolved Oxygen,3.993,7.05,mg/L,YSI_EXO2,LP2_2025-07-16 08:56_3.993_LDOd_4,LongPond_profiles_2025.xlsx_2025-07_LP2,86,2025-08-08
1337,LP2,2025-07-16T08:56:00Z,Specific Conductance,4.506,143.3,uS/cm,YSI_EXO2,LP2_2025-07-16 08:56_4.506_SPCD_4,LongPond_profiles_2025.xlsx_2025-07_LP2,87,2025-08-08
1338,LP2,2025-07-16T08:56:00Z,Specific Conductance,3.993,145,uS/cm,YSI_EXO2,LP2_2025-07-16 08:56_3.993_SPCD_4,LongPond_profiles_2025.xlsx_2025-07_LP2,88,2025-08-08
1339,LP2,2025-07-16T08:56:00Z,pH,4.506,5.67,pH,YSI_EXO2,LP2_2025-07-16 08:56_4.506_pH_4,LongPond_profiles_2025.xlsx_2025-07_LP2,89,2025-08-08
1340,LP2,2025-07-16T08:56:00Z,pH,3.993,5.89,pH,YSI_EXO2,LP2_2025-07-16 08:56_3.993_pH_4,LongPond_profiles_2025.xlsx_2025-07_LP2,90,2025-08-08
1341,LP2,2025-07-16T08:56:00Z,Turbidity FNU,4.506,0.57,FNU,YSI_EXO2,LP2_2025-07-16 08:56_4.506_TUR-FNU_4,LongPond_profiles_2025.xlsx_2025-07_LP2,91,2025-08-08
1342,LP2,2025-07-16T08:56:00Z,Turbidity FNU,3.993,0.61,FNU,YSI_EXO2,LP2_2025-07-16 08:56_3.993_TUR-FNU_4,LongPond_profiles_2025.xlsx_2025-07_LP2,92,2025-08-08
1343,LP2,2025-07-16T08:56:00Z,Blue Green Algae RFU,4.506,0.06,RFU,YSI_EXO2,LP2_2025-07-16 08:56_4.506_BGA-PC-RFU_4,LongPond_profiles_2025.xlsx_2025-07_LP2,93,2025-08-08
1344,LP2,2025-07-16T08:56:00Z,Blue Green Algae RFU,3.993,0.04,RFU,YSI_EXO2,LP2_2025-07-16 08:56_3.993_BGA-PC-RFU_4,LongPond_profiles_2025.xlsx_2025-07_LP2,94,2025-08-08
1345,LP2,2025-07-16T08:56:00Z,Blue Green Algae,4.506,0.13,ug/L,YSI_EXO2,LP2_2025-07-16 08:56_4.506_BGA-PC_4,LongPond_profiles_2025.xlsx_2025-07_LP2,95,2025-08-08
1346,LP2,2025-07-16T08:56:00Z,Blue Green Algae,3.993,0.1,ug/L,YSI_EXO2,LP2_2025-07-16 08:56_3.993_BGA-PC_4,LongPond_profiles_2025.xlsx_2025-07_LP2,96,2025-08-08
1347,LP2,2025-07-16T08:56:00Z,Chlorophyll RFU,4.506,0.6,RFU,YSI_EXO2,LP2_2025-07-16 08:56_4.506_Chl-RFU_4,LongPond_profiles_2025.xlsx_2025-07_LP2,97,2025-08-08
1348,LP2,2025-07-16T08:56:00Z,Chlorophyll RFU,3.993,0.46,RFU,YSI_EXO2,LP2_2025-07-16 08:56_3.993_Chl-RFU_4,LongPond_profiles_2025.xlsx_2025-07_LP2,98,2025-08-08
1349,LP2,2025-07-16T08:56:00Z,Chlorophyll,4.506,2.6,ug/L,YSI_EXO2,LP2_2025-07-16 08:56_4.506_Chl_4,LongPond_profiles_2025.xlsx_2025-07_LP2,99,2025-08-08
1350,LP2,2025-07-16T08:56:00Z,Chlorophyll,3.993,2.06,ug/L,YSI_EXO2,LP2_2025-07-16 08:56_3.993_Chl_4,LongPond_profiles_2025.xlsx_2025-07_LP2,100,2025-08-08
1351,LP2,2025-07-16T08:58:00Z,Water Temperature,4.998,20.611,Deg-C,YSI_EXO2,LP2_2025-07-16 08:58_4.998_TWA-C_4,LongPond_profiles_2025.xlsx_2025-07_LP2,101,2025-08-08
1352,LP2,2025-07-16T08:58:00Z,Oxygen Saturation,4.998,63.4,%,YSI_EXO2,LP2_2025-07-16 08:58_4.998_LDOs_4,LongPond_profiles_2025.xlsx_2025-07_LP2,102,2025-08-08
1353,LP2,2025-07-16T08:58:00Z,Dissolved Oxygen,4.998,5.69,mg/L,YSI_EXO2,LP2_2025-07-16 08:58_4.998_LDOd_4,LongPond_profiles_2025.xlsx_2025-07_LP2,103,2025-08-08
1354,LP2,2025-07-16T08:58:00Z,Specific Conductance,4.998,143.5,uS/cm,YSI_EXO2,LP2_2025-07-16 08:58_4.998_SPCD_4,LongPond_profiles_2025.xlsx_2025-07_LP2,104,2025-08-08
1355,LP2,2025-07-16T08:58:00Z,pH,4.998,5.5,pH,YSI_EXO2,LP2_2025-07-16 08:58_4.998_pH_4,LongPond_profiles_2025.xlsx_2025-07_LP2,105,2025-08-08
1356,LP2,2025-07-16T08:58:00Z,Turbidity FNU,4.998,0.75,FNU,YSI_EXO2,LP2_2025-07-16 08:58_4.998_TUR-FNU_4,LongPond_profiles_2025.xlsx_2025-07_LP2,106,2025-08-08
1357,LP2,2025-07-16T08:58:00Z,Blue Green Algae RFU,4.998,-0.02,RFU,YSI_EXO2,LP2_2025-07-16 08:58_4.998_BGA-PC-RFU_4,LongPond_profiles_2025.xlsx_2025-07_LP2,107,2025-08-08
1358,LP2,2025-07-16T08:58:00Z,Blue Green Algae,4.998,0.05,ug/L,YSI_EXO2,LP2_2025-07-16 08:58_4.998_BGA-PC_4,LongPond_profiles_2025.xlsx_2025-07_LP2,108,2025-08-08
1359,LP2,2025-07-16T08:58:00Z,Chlorophyll RFU,4.998,0.63,RFU,YSI_EXO2,LP2_2025-07-16 08:58_4.998_Chl-RFU_4,LongPond_profiles_2025.xlsx_2025-07_LP2,109,2025-08-08
1360,LP2,2025-07-16T08:58:00Z,Chlorophyll,4.998,2.71,ug/L,YSI_EXO2,LP2_2025-07-16 08:58_4.998_Chl_4,LongPond_profiles_2025.xlsx_2025-07_LP2,110,2025-08-08
1361,LP2,2025-07-16T08:59:00Z,Water Temperature,5.486,19.303,Deg-C,YSI_EXO2,LP2_2025-07-16 08:59_5.486_TWA-C_4,LongPond_profiles_2025.xlsx_2025-07_LP2,111,2025-08-08
1362,LP2,2025-07-16T08:59:00Z,Oxygen Saturation,5.486,42.6,%,YSI_EXO2,LP2_2025-07-16 08:59_5.486_LDOs_4,LongPond_profiles_2025.xlsx_2025-07_LP2,112,2025-08-08
1363,LP2,2025-07-16T08:59:00Z,Dissolved Oxygen,5.486,3.92,mg/L,YSI_EXO2,LP2_2025-07-16 08:59_5.486_LDOd_4,LongPond_profiles_2025.xlsx_2025-07_LP2,113,2025-08-08
1364,LP2,2025-07-16T08:59:00Z,Specific Conductance,5.486,144.3,uS/cm,YSI_EXO2,LP2_2025-07-16 08:59_5.486_SPCD_4,LongPond_profiles_2025.xlsx_2025-07_LP2,114,2025-08-08
1365,LP2,2025-07-16T08:59:00Z,pH,5.486,5.38,pH,YSI_EXO2,LP2_2025-07-16 08:59_5.486_pH_4,LongPond_profiles_2025.xlsx_2025-07_LP2,115,2025-08-08
1366,LP2,2025-07-16T08:59:00Z,Turbidity FNU,5.486,0.7,FNU,YSI_EXO2,LP2_2025-07-16 08:59_5.486_TUR-FNU_4,LongPond_profiles_2025.xlsx_2025-07_LP2,116,2025-08-08
1367,LP2,2025-07-16T08:59:00Z,Blue Green Algae RFU,5.486,0.22,RFU,YSI_EXO2,LP2_2025-07-16 08:59_5.486_BGA-PC-RFU_4,LongPond_profiles_2025.xlsx_2025-07_LP2,117,2025-08-08
1368,LP2,2025-07-16T08:59:00Z,Blue Green Algae,5.486,0.29,ug/L,YSI_EXO2,LP2_2025-07-16 08:59_5.486_BGA-PC_4,LongPond_profiles_2025.xlsx_2025-07_LP2,118,2025-08-08
1369,LP2,2025-07-16T08:59:00Z,Chlorophyll RFU,5.486,0.64,RFU,YSI_EXO2,LP2_2025-07-16 08:59_5.486_Chl-RFU_4,LongPond_profiles_2025.xlsx_2025-07_LP2,119,2025-08-08
1370,LP2,2025-07-16T08:59:00Z,Chlorophyll,5.486,2.76,ug/L,YSI_EXO2,LP2_2025-07-16 08:59_5.486_Chl_4,LongPond_profiles_2025.xlsx_2025-07_LP2,120,2025-08-08
1371,LP2,2025-07-16T09:01:00Z,Water Temperature,5.961,18.466,Deg-C,YSI_EXO2,LP2_2025-07-16 09:01_5.961_TWA-C_4,LongPond_profiles_2025.xlsx_2025-07_LP2,121,2025-08-08
1372,LP2,2025-07-16T09:01:00Z,Oxygen Saturation,5.961,24.8,%,YSI_EXO2,LP2_2025-07-16 09:01_5.961_LDOs_4,LongPond_profiles_2025.xlsx_2025-07_LP2,122,2025-08-08
1373,LP2,2025-07-16T09:01:00Z,Dissolved Oxygen,5.961,2.33,mg/L,YSI_EXO2,LP2_2025-07-16 09:01_5.961_LDOd_4,LongPond_profiles_2025.xlsx_2025-07_LP2,123,2025-08-08
1374,LP2,2025-07-16T09:01:00Z,Specific Conductance,5.961,146.5,uS/cm,YSI_EXO2,LP2_2025-07-16 09:01_5.961_SPCD_4,LongPond_profiles_2025.xlsx_2025-07_LP2,124,2025-08-08
1375,LP2,2025-07-16T09:01:00Z,pH,5.961,5.35,pH,YSI_EXO2,LP2_2025-07-16 09:01_5.961_pH_4,LongPond_profiles_2025.xlsx_2025-07_LP2,125,2025-08-08
1376,LP2,2025-07-16T09:01:00Z,Turbidity FNU,5.961,1.06,FNU,YSI_EXO2,LP2_2025-07-16 09:01_5.961_TUR-FNU_4,LongPond_profiles_2025.xlsx_2025-07_LP2,126,2025-08-08
1377,LP2,2025-07-16T09:01:00Z,Blue Green Algae RFU,5.961,0.12,RFU,YSI_EXO2,LP2_2025-07-16 09:01_5.961_BGA-PC-RFU_4,LongPond_profiles_2025.xlsx_2025-07_LP2,127,2025-08-08
1378,LP2,2025-07-16T09:01:00Z,Blue Green Algae,5.961,0.19,ug/L,YSI_EXO2,LP2_2025-07-16 09:01_5.961_BGA-PC_4,LongPond_profiles_2025.xlsx_2025-07_LP2,128,2025-08-08
1379,LP2,2025-07-16T09:01:00Z,Chlorophyll RFU,5.961,0.47,RFU,YSI_EXO2,LP2_2025-07-16 09:01_5.961_Chl-RFU_4,LongPond_profiles_2025.xlsx_2025-07_LP2,129,2025-08-08
1380,LP2,2025-07-16T09:01:00Z,Chlorophyll,5.961,2.08,ug/L,YSI_EXO2,LP2_2025-07-16 09:01_5.961_Chl_4,LongPond_profiles_2025.xlsx_2025-07_LP2,130,2025-08-08
1381,LP2,2025-07-16T09:02:00Z,Water Temperature,6.475,17.879,Deg-C,YSI_EXO2,LP2_2025-07-16 09:02_6.475_TWA-C_4,LongPond_profiles_2025.xlsx_2025-07_LP2,131,2025-08-08
1382,LP2,2025-07-16T09:02:00Z,Oxygen Saturation,6.475,8.5,%,YSI_EXO2,LP2_2025-07-16 09:02_6.475_LDOs_4,LongPond_profiles_2025.xlsx_2025-07_LP2,132,2025-08-08
1383,LP2,2025-07-16T09:02:00Z,Dissolved Oxygen,6.475,0.81,mg/L,YSI_EXO2,LP2_2025-07-16 09:02_6.475_LDOd_4,LongPond_profiles_2025.xlsx_2025-07_LP2,133,2025-08-08
1384,LP2,2025-07-16T09:02:00Z,Specific Conductance,6.475,149.5,uS/cm,YSI_EXO2,LP2_2025-07-16 09:02_6.475_SPCD_4,LongPond_profiles_2025.xlsx_2025-07_LP2,134,2025-08-08
1385,LP2,2025-07-16T09:02:00Z,pH,6.475,5.39,pH,YSI_EXO2,LP2_2025-07-16 09:02_6.475_pH_4,LongPond_profiles_2025.xlsx_2025-07_LP2,135,2025-08-08
1386,LP2,2025-07-16T09:02:00Z,Turbidity FNU,6.475,1.86,FNU,YSI_EXO2,LP2_2025-07-16 09:02_6.475_TUR-FNU_4,LongPond_profiles_2025.xlsx_2025-07_LP2,136,2025-08-08
1387,LP2,2025-07-16T09:02:00Z,Blue Green Algae RFU,6.475,0.34,RFU,YSI_EXO2,LP2_2025-07-16 09:02_6.475_BGA-PC-RFU_4,LongPond_profiles_2025.xlsx_2025-07_LP2,137,2025-08-08
1388,LP2,2025-07-16T09:02:00Z,Blue Green Algae,6.475,0.4,ug/L,YSI_EXO2,LP2_2025-07-16 09:02_6.475_BGA-PC_4,LongPond_profiles_2025.xlsx_2025-07_LP2,138,2025-08-08
1389,LP2,2025-07-16T09:02:00Z,Chlorophyll RFU,6.475,0.49,RFU,YSI_EXO2,LP2_2025-07-16 09:02_6.475_Chl-RFU_4,LongPond_profiles_2025.xlsx_2025-07_LP2,139,2025-08-08
1390,LP2,2025-07-16T09:02:00Z,Chlorophyll,6.475,2.16,ug/L,YSI_EXO2,LP2_2025-07-16 09:02_6.475_Chl_4,LongPond_profiles_2025.xlsx_2025-07_LP2,140,2025-08-08
1391,LP1,2025-07-16T09:07:00Z,Water Temperature,0.502,27.676,Deg-C,YSI_EXO2,LP1_2025-07-16 09:07_0.502_TWA-C_4,LongPond_profiles_2025.xlsx_2025-07_LP1,1,2025-08-08
1392,LP1,2025-07-16T09:07:00Z,Oxygen Saturation,0.502,99.6,%,YSI_EXO2,LP1_2025-07-16 09:07_0.502_LDOs_4,LongPond_profiles_2025.xlsx_2025-07_LP1,2,2025-08-08
1393,LP1,2025-07-16T09:07:00Z,Dissolved Oxygen,0.502,7.84,mg/L,YSI_EXO2,LP1_2025-07-16 09:07_0.502_LDOd_4,LongPond_profiles_2025.xlsx_2025-07_LP1,3,2025-08-08
1394,LP1,2025-07-16T09:07:00Z,Specific Conductance,0.502,146.5,uS/cm,YSI_EXO2,LP1_2025-07-16 09:07_0.502_SPCD_4,LongPond_profiles_2025.xlsx_2025-07_LP1,4,2025-08-08
1395,LP1,2025-07-16T09:07:00Z,pH,0.502,6.94,pH,YSI_EXO2,LP1_2025-07-16 09:07_0.502_pH_4,LongPond_profiles_2025.xlsx_2025-07_LP1,5,2025-08-08
1396,LP1,2025-07-16T09:07:00Z,Turbidity FNU,0.502,0.3,FNU,YSI_EXO2,LP1_2025-07-16 09:07_0.502_TUR-FNU_4,LongPond_profiles_2025.xlsx_2025-07_LP1,6,2025-08-08
1397,LP1,2025-07-16T09:07:00Z,Blue Green Algae RFU,0.502,-0.11,RFU,YSI_EXO2,LP1_2025-07-16 09:07_0.502_BGA-PC-RFU_4,LongPond_profiles_2025.xlsx_2025-07_LP1,7,2025-08-08
1398,LP1,2025-07-16T09:07:00Z,Blue Green Algae,0.502,-0.04,ug/L,YSI_EXO2,LP1_2025-07-16 09:07_0.502_BGA-PC_4,LongPond_profiles_2025.xlsx_2025-07_LP1,8,2025-08-08
1399,LP1,2025-07-16T09:07:00Z,Chlorophyll RFU,0.502,0.48,RFU,YSI_EXO2,LP1_2025-07-16 09:07_0.502_Chl-RFU_4,LongPond_profiles_2025.xlsx_2025-07_LP1,9,2025-08-08
1400,LP1,2025-07-16T09:07:00Z,Chlorophyll,0.502,2.12,ug/L,YSI_EXO2,LP1_2025-07-16 09:07_0.502_Chl_4,LongPond_profiles_2025.xlsx_2025-07_LP1,10,2025-08-08
1401,LP1,2025-07-16T09:08:00Z,Water Temperature,1.002,27.486,Deg-C,YSI_EXO2,LP1_2025-07-16 09:08_1.002_TWA-C_4,LongPond_profiles_2025.xlsx_2025-07_LP1,11,2025-08-08
1402,LP1,2025-07-16T09:08:00Z,Oxygen Saturation,1.002,99.2,%,YSI_EXO2,LP1_2025-07-16 09:08_1.002_LDOs_4,LongPond_profiles_2025.xlsx_2025-07_LP1,12,2025-08-08
1403,LP1,2025-07-16T09:08:00Z,Dissolved Oxygen,1.002,7.83,mg/L,YSI_EXO2,LP1_2025-07-16 09:08_1.002_LDOd_4,LongPond_profiles_2025.xlsx_2025-07_LP1,13,2025-08-08
1404,LP1,2025-07-16T09:08:00Z,Specific Conductance,1.002,146.1,uS/cm,YSI_EXO2,LP1_2025-07-16 09:08_1.002_SPCD_4,LongPond_profiles_2025.xlsx_2025-07_LP1,14,2025-08-08
1405,LP1,2025-07-16T09:08:00Z,pH,1.002,6.95,pH,YSI_EXO2,LP1_2025-07-16 09:08_1.002_pH_4,LongPond_profiles_2025.xlsx_2025-07_LP1,15,2025-08-08
1406,LP1,2025-07-16T09:08:00Z,Turbidity FNU,1.002,0.29,FNU,YSI_EXO2,LP1_2025-07-16 09:08_1.002_TUR-FNU_4,LongPond_profiles_2025.xlsx_2025-07_LP1,16,2025-08-08
1407,LP1,2025-07-16T09:08:00Z,Blue Green Algae RFU,1.002,-0.17,RFU,YSI_EXO2,LP1_2025-07-16 09:08_1.002_BGA-PC-RFU_4,LongPond_profiles_2025.xlsx_2025-07_LP1,17,2025-08-08
1408,LP1,2025-07-16T09:08:00Z,Blue Green Algae,1.002,-0.11,ug/L,YSI_EXO2,LP1_2025-07-16 09:08_1.002_BGA-PC_4,LongPond_profiles_2025.xlsx_2025-07_LP1,18,2025-08-08
1409,LP1,2025-07-16T09:08:00Z,Chlorophyll RFU,1.002,0.37,RFU,YSI_EXO2,LP1_2025-07-16 09:08_1.002_Chl-RFU_4,LongPond_profiles_2025.xlsx_2025-07_LP1,19,2025-08-08
1410,LP1,2025-07-16T09:08:00Z,Chlorophyll,1.002,1.68,ug/L,YSI_EXO2,LP1_2025-07-16 09:08_1.002_Chl_4,LongPond_profiles_2025.xlsx_2025-07_LP1,20,2025-08-08
1411,LP1,2025-07-16T09:09:00Z,Water Temperature,1.48,26.912,Deg-C,YSI_EXO2,LP1_2025-07-16 09:09_1.48_TWA-C_4,LongPond_profiles_2025.xlsx_2025-07_LP1,21,2025-08-08
1412,LP1,2025-07-16T09:09:00Z,Oxygen Saturation,1.48,99.1,%,YSI_EXO2,LP1_2025-07-16 09:09_1.48_LDOs_4,LongPond_profiles_2025.xlsx_2025-07_LP1,22,2025-08-08
1413,LP1,2025-07-16T09:09:00Z,Dissolved Oxygen,1.48,7.9,mg/L,YSI_EXO2,LP1_2025-07-16 09:09_1.48_LDOd_4,LongPond_profiles_2025.xlsx_2025-07_LP1,23,2025-08-08
1414,LP1,2025-07-16T09:09:00Z,Specific Conductance,1.48,145.3,uS/cm,YSI_EXO2,LP1_2025-07-16 09:09_1.48_SPCD_4,LongPond_profiles_2025.xlsx_2025-07_LP1,24,2025-08-08
1415,LP1,2025-07-16T09:09:00Z,pH,1.48,6.94,pH,YSI_EXO2,LP1_2025-07-16 09:09_1.48_pH_4,LongPond_profiles_2025.xlsx_2025-07_LP1,25,2025-08-08
1416,LP1,2025-07-16T09:09:00Z,Turbidity FNU,1.48,0.42,FNU,YSI_EXO2,LP1_2025-07-16 09:09_1.48_TUR-FNU_4,LongPond_profiles_2025.xlsx_2025-07_LP1,26,2025-08-08
1417,LP1,2025-07-16T09:09:00Z,Blue Green Algae RFU,1.48,-0.11,RFU,YSI_EXO2,LP1_2025-07-16 09:09_1.48_BGA-PC-RFU_4,LongPond_profiles_2025.xlsx_2025-07_LP1,27,2025-08-08
1418,LP1,2025-07-16T09:09:00Z,Blue Green Algae,1.48,-0.04,ug/L,YSI_EXO2,LP1_2025-07-16 09:09_1.48_BGA-PC_4,LongPond_profiles_2025.xlsx_2025-07_LP1,28,2025-08-08
1419,LP1,2025-07-16T09:09:00Z,Chlorophyll RFU,1.48,0.66,RFU,YSI_EXO2,LP1_2025-07-16 09:09_1.48_Chl-RFU_4,LongPond_profiles_2025.xlsx_2025-07_LP1,29,2025-08-08
1420,LP1,2025-07-16T09:09:00Z,Chlorophyll,1.48,2.83,ug/L,YSI_EXO2,LP1_2025-07-16 09:09_1.48_Chl_4,LongPond_profiles_2025.xlsx_2025-07_LP1,30,2025-08-08
1421,LP1,2025-07-16T09:10:00Z,Water Temperature,1.964,26.642,Deg-C,YSI_EXO2,LP1_2025-07-16 09:10_1.964_TWA-C_4,LongPond_profiles_2025.xlsx_2025-07_LP1,31,2025-08-08
1422,LP1,2025-07-16T09:10:00Z,Water Temperature,1.965,26.711,Deg-C,YSI_EXO2,LP1_2025-07-16 09:10_1.965_TWA-C_4,LongPond_profiles_2025.xlsx_2025-07_LP1,32,2025-08-08
1423,LP1,2025-07-16T09:10:00Z,Oxygen Saturation,1.964,99.1,%,YSI_EXO2,LP1_2025-07-16 09:10_1.964_LDOs_4,LongPond_profiles_2025.xlsx_2025-07_LP1,33,2025-08-08
1424,LP1,2025-07-16T09:10:00Z,Oxygen Saturation,1.965,98.9,%,YSI_EXO2,LP1_2025-07-16 09:10_1.965_LDOs_4,LongPond_profiles_2025.xlsx_2025-07_LP1,34,2025-08-08
1425,LP1,2025-07-16T09:10:00Z,Dissolved Oxygen,1.964,7.95,mg/L,YSI_EXO2,LP1_2025-07-16 09:10_1.964_LDOd_4,LongPond_profiles_2025.xlsx_2025-07_LP1,35,2025-08-08
1426,LP1,2025-07-16T09:10:00Z,Dissolved Oxygen,1.965,7.92,mg/L,YSI_EXO2,LP1_2025-07-16 09:10_1.965_LDOd_4,LongPond_profiles_2025.xlsx_2025-07_LP1,36,2025-08-08
1427,LP1,2025-07-16T09:10:00Z,Specific Conductance,1.964,144.5,uS/cm,YSI_EXO2,LP1_2025-07-16 09:10_1.964_SPCD_4,LongPond_profiles_2025.xlsx_2025-07_LP1,37,2025-08-08
1428,LP1,2025-07-16T09:10:00Z,Specific Conductance,1.965,144.8,uS/cm,YSI_EXO2,LP1_2025-07-16 09:10_1.965_SPCD_4,LongPond_profiles_2025.xlsx_2025-07_LP1,38,2025-08-08
1429,LP1,2025-07-16T09:10:00Z,pH,1.964,6.95,pH,YSI_EXO2,LP1_2025-07-16 09:10_1.964_pH_4,LongPond_profiles_2025.xlsx_2025-07_LP1,39,2025-08-08
1430,LP1,2025-07-16T09:10:00Z,pH,1.965,6.94,pH,YSI_EXO2,LP1_2025-07-16 09:10_1.965_pH_4,LongPond_profiles_2025.xlsx_2025-07_LP1,40,2025-08-08
1431,LP1,2025-07-16T09:10:00Z,Turbidity FNU,1.964,0.4,FNU,YSI_EXO2,LP1_2025-07-16 09:10_1.964_TUR-FNU_4,LongPond_profiles_2025.xlsx_2025-07_LP1,41,2025-08-08
1432,LP1,2025-07-16T09:10:00Z,Turbidity FNU,1.965,0.39,FNU,YSI_EXO2,LP1_2025-07-16 09:10_1.965_TUR-FNU_4,LongPond_profiles_2025.xlsx_2025-07_LP1,42,2025-08-08
1433,LP1,2025-07-16T09:10:00Z,Blue Green Algae RFU,1.964,-0.08,RFU,YSI_EXO2,LP1_2025-07-16 09:10_1.964_BGA-PC-RFU_4,LongPond_profiles_2025.xlsx_2025-07_LP1,43,2025-08-08
1434,LP1,2025-07-16T09:10:00Z,Blue Green Algae RFU,1.965,-0.12,RFU,YSI_EXO2,LP1_2025-07-16 09:10_1.965_BGA-PC-RFU_4,LongPond_profiles_2025.xlsx_2025-07_LP1,44,2025-08-08
1435,LP1,2025-07-16T09:10:00Z,Blue Green Algae,1.964,-0.01,ug/L,YSI_EXO2,LP1_2025-07-16 09:10_1.964_BGA-PC_4,LongPond_profiles_2025.xlsx_2025-07_LP1,45,2025-08-08
1436,LP1,2025-07-16T09:10:00Z,Blue Green Algae,1.965,-0.05,ug/L,YSI_EXO2,LP1_2025-07-16 09:10_1.965_BGA-PC_4,LongPond_profiles_2025.xlsx_2025-07_LP1,46,2025-08-08
1437,LP1,2025-07-16T09:10:00Z,Chlorophyll RFU,1.964,0.61,RFU,YSI_EXO2,LP1_2025-07-16 09:10_1.964_Chl-RFU_4,LongPond_profiles_2025.xlsx_2025-07_LP1,47,2025-08-08
1438,LP1,2025-07-16T09:10:00Z,Chlorophyll RFU,1.965,0.49,RFU,YSI_EXO2,LP1_2025-07-16 09:10_1.965_Chl-RFU_4,LongPond_profiles_2025.xlsx_2025-07_LP1,48,2025-08-08
1439,LP1,2025-07-16T09:10:00Z,Chlorophyll,1.964,2.63,ug/L,YSI_EXO2,LP1_2025-07-16 09:10_1.964_Chl_4,LongPond_profiles_2025.xlsx_2025-07_LP1,49,2025-08-08
1440,LP1,2025-07-16T09:10:00Z,Chlorophyll,1.965,2.17,ug/L,YSI_EXO2,LP1_2025-07-16 09:10_1.965_Chl_4,LongPond_profiles_2025.xlsx_2025-07_LP1,50,2025-08-08
1441,LP1,2025-07-16T09:11:00Z,Water Temperature,2.992,26.41,Deg-C,YSI_EXO2,LP1_2025-07-16 09:11_2.992_TWA-C_4,LongPond_profiles_2025.xlsx_2025-07_LP1,51,2025-08-08
1442,LP1,2025-07-16T09:11:00Z,Water Temperature,2.479,26.563,Deg-C,YSI_EXO2,LP1_2025-07-16 09:11_2.479_TWA-C_4,LongPond_profiles_2025.xlsx_2025-07_LP1,52,2025-08-08
1443,LP1,2025-07-16T09:11:00Z,Water Temperature,2.481,26.575,Deg-C,YSI_EXO2,LP1_2025-07-16 09:11_2.481_TWA-C_4,LongPond_profiles_2025.xlsx_2025-07_LP1,53,2025-08-08
1444,LP1,2025-07-16T09:11:00Z,Oxygen Saturation,2.992,94,%,YSI_EXO2,LP1_2025-07-16 09:11_2.992_LDOs_4,LongPond_profiles_2025.xlsx_2025-07_LP1,54,2025-08-08
1445,LP1,2025-07-16T09:11:00Z,Oxygen Saturation,2.479,99.3,%,YSI_EXO2,LP1_2025-07-16 09:11_2.479_LDOs_4,LongPond_profiles_2025.xlsx_2025-07_LP1,55,2025-08-08
1446,LP1,2025-07-16T09:11:00Z,Oxygen Saturation,2.481,99.3,%,YSI_EXO2,LP1_2025-07-16 09:11_2.481_LDOs_4,LongPond_profiles_2025.xlsx_2025-07_LP1,56,2025-08-08
1447,LP1,2025-07-16T09:11:00Z,Dissolved Oxygen,2.992,7.57,mg/L,YSI_EXO2,LP1_2025-07-16 09:11_2.992_LDOd_4,LongPond_profiles_2025.xlsx_2025-07_LP1,57,2025-08-08
1448,LP1,2025-07-16T09:11:00Z,Dissolved Oxygen,2.479,7.98,mg/L,YSI_EXO2,LP1_2025-07-16 09:11_2.479_LDOd_4,LongPond_profiles_2025.xlsx_2025-07_LP1,58,2025-08-08
1449,LP1,2025-07-16T09:11:00Z,Dissolved Oxygen,2.481,7.97,mg/L,YSI_EXO2,LP1_2025-07-16 09:11_2.481_LDOd_4,LongPond_profiles_2025.xlsx_2025-07_LP1,59,2025-08-08
1450,LP1,2025-07-16T09:11:00Z,Specific Conductance,2.992,145.1,uS/cm,YSI_EXO2,LP1_2025-07-16 09:11_2.992_SPCD_4,LongPond_profiles_2025.xlsx_2025-07_LP1,60,2025-08-08
1451,LP1,2025-07-16T09:11:00Z,Specific Conductance,2.479,144.1,uS/cm,YSI_EXO2,LP1_2025-07-16 09:11_2.479_SPCD_4,LongPond_profiles_2025.xlsx_2025-07_LP1,61,2025-08-08
1452,LP1,2025-07-16T09:11:00Z,Specific Conductance,2.481,144.2,uS/cm,YSI_EXO2,LP1_2025-07-16 09:11_2.481_SPCD_4,LongPond_profiles_2025.xlsx_2025-07_LP1,62,2025-08-08
1453,LP1,2025-07-16T09:11:00Z,pH,2.992,6.8,pH,YSI_EXO2,LP1_2025-07-16 09:11_2.992_pH_4,LongPond_profiles_2025.xlsx_2025-07_LP1,63,2025-08-08
1454,LP1,2025-07-16T09:11:00Z,pH,2.479,6.98,pH,YSI_EXO2,LP1_2025-07-16 09:11_2.479_pH_4,LongPond_profiles_2025.xlsx_2025-07_LP1,64,2025-08-08
1455,LP1,2025-07-16T09:11:00Z,pH,2.481,6.97,pH,YSI_EXO2,LP1_2025-07-16 09:11_2.481_pH_4,LongPond_profiles_2025.xlsx_2025-07_LP1,65,2025-08-08
1456,LP1,2025-07-16T09:11:00Z,Turbidity FNU,2.992,0.56,FNU,YSI_EXO2,LP1_2025-07-16 09:11_2.992_TUR-FNU_4,LongPond_profiles_2025.xlsx_2025-07_LP1,66,2025-08-08
1457,LP1,2025-07-16T09:11:00Z,Turbidity FNU,2.479,0.4,FNU,YSI_EXO2,LP1_2025-07-16 09:11_2.479_TUR-FNU_4,LongPond_profiles_2025.xlsx_2025-07_LP1,67,2025-08-08
1458,LP1,2025-07-16T09:11:00Z,Turbidity FNU,2.481,0.35,FNU,YSI_EXO2,LP1_2025-07-16 09:11_2.481_TUR-FNU_4,LongPond_profiles_2025.xlsx_2025-07_LP1,68,2025-08-08
1459,LP1,2025-07-16T09:11:00Z,Blue Green Algae RFU,2.992,-0.16,RFU,YSI_EXO2,LP1_2025-07-16 09:11_2.992_BGA-PC-RFU_4,LongPond_profiles_2025.xlsx_2025-07_LP1,69,2025-08-08
1460,LP1,2025-07-16T09:11:00Z,Blue Green Algae RFU,2.479,0.01,RFU,YSI_EXO2,LP1_2025-07-16 09:11_2.479_BGA-PC-RFU_4,LongPond_profiles_2025.xlsx_2025-07_LP1,70,2025-08-08
1461,LP1,2025-07-16T09:11:00Z,Blue Green Algae RFU,2.481,-0.09,RFU,YSI_EXO2,LP1_2025-07-16 09:11_2.481_BGA-PC-RFU_4,LongPond_profiles_2025.xlsx_2025-07_LP1,71,2025-08-08
1462,LP1,2025-07-16T09:11:00Z,Blue Green Algae,2.992,-0.09,ug/L,YSI_EXO2,LP1_2025-07-16 09:11_2.992_BGA-PC_4,LongPond_profiles_2025.xlsx_2025-07_LP1,72,2025-08-08
1463,LP1,2025-07-16T09:11:00Z,Blue Green Algae,2.479,0.07,ug/L,YSI_EXO2,LP1_2025-07-16 09:11_2.479_BGA-PC_4,LongPond_profiles_2025.xlsx_2025-07_LP1,73,2025-08-08
1464,LP1,2025-07-16T09:11:00Z,Blue Green Algae,2.481,-0.03,ug/L,YSI_EXO2,LP1_2025-07-16 09:11_2.481_BGA-PC_4,LongPond_profiles_2025.xlsx_2025-07_LP1,74,2025-08-08
1465,LP1,2025-07-16T09:11:00Z,Chlorophyll RFU,2.992,0.71,RFU,YSI_EXO2,LP1_2025-07-16 09:11_2.992_Chl-RFU_4,LongPond_profiles_2025.xlsx_2025-07_LP1,75,2025-08-08
1466,LP1,2025-07-16T09:11:00Z,Chlorophyll RFU,2.479,0.54,RFU,YSI_EXO2,LP1_2025-07-16 09:11_2.479_Chl-RFU_4,LongPond_profiles_2025.xlsx_2025-07_LP1,76,2025-08-08
1467,LP1,2025-07-16T09:11:00Z,Chlorophyll RFU,2.481,0.54,RFU,YSI_EXO2,LP1_2025-07-16 09:11_2.481_Chl-RFU_4,LongPond_profiles_2025.xlsx_2025-07_LP1,77,2025-08-08
1468,LP1,2025-07-16T09:11:00Z,Chlorophyll,2.992,3.05,ug/L,YSI_EXO2,LP1_2025-07-16 09:11_2.992_Chl_4,LongPond_profiles_2025.xlsx_2025-07_LP1,78,2025-08-08
1469,LP1,2025-07-16T09:11:00Z,Chlorophyll,2.479,2.35,ug/L,YSI_EXO2,LP1_2025-07-16 09:11_2.479_Chl_4,LongPond_profiles_2025.xlsx_2025-07_LP1,79,2025-08-08
1470,LP1,2025-07-16T09:11:00Z,Chlorophyll,2.481,2.36,ug/L,YSI_EXO2,LP1_2025-07-16 09:11_2.481_Chl_4,LongPond_profiles_2025.xlsx_2025-07_LP1,80,2025-08-08
1471,LP1,2025-07-16T09:12:00Z,Water Temperature,3.437,25.97,Deg-C,YSI_EXO2,LP1_2025-07-16 09:12_3.437_TWA-C_4,LongPond_profiles_2025.xlsx_2025-07_LP1,81,2025-08-08
1472,LP1,2025-07-16T09:12:00Z,Water Temperature,3.462,26.007,Deg-C,YSI_EXO2,LP1_2025-07-16 09:12_3.462_TWA-C_4,LongPond_profiles_2025.xlsx_2025-07_LP1,82,2025-08-08
1473,LP1,2025-07-16T09:12:00Z,Oxygen Saturation,3.437,33,%,YSI_EXO2,LP1_2025-07-16 09:12_3.437_LDOs_4,LongPond_profiles_2025.xlsx_2025-07_LP1,83,2025-08-08
1474,LP1,2025-07-16T09:12:00Z,Oxygen Saturation,3.462,52.3,%,YSI_EXO2,LP1_2025-07-16 09:12_3.462_LDOs_4,LongPond_profiles_2025.xlsx_2025-07_LP1,84,2025-08-08
1475,LP1,2025-07-16T09:12:00Z,Dissolved Oxygen,3.437,2.68,mg/L,YSI_EXO2,LP1_2025-07-16 09:12_3.437_LDOd_4,LongPond_profiles_2025.xlsx_2025-07_LP1,85,2025-08-08
1476,LP1,2025-07-16T09:12:00Z,Dissolved Oxygen,3.462,4.24,mg/L,YSI_EXO2,LP1_2025-07-16 09:12_3.462_LDOd_4,LongPond_profiles_2025.xlsx_2025-07_LP1,86,2025-08-08
1477,LP1,2025-07-16T09:12:00Z,Specific Conductance,3.437,157.8,uS/cm,YSI_EXO2,LP1_2025-07-16 09:12_3.437_SPCD_4,LongPond_profiles_2025.xlsx_2025-07_LP1,87,2025-08-08
1478,LP1,2025-07-16T09:12:00Z,Specific Conductance,3.462,153.6,uS/cm,YSI_EXO2,LP1_2025-07-16 09:12_3.462_SPCD_4,LongPond_profiles_2025.xlsx_2025-07_LP1,88,2025-08-08
1479,LP1,2025-07-16T09:12:00Z,pH,3.437,6.01,pH,YSI_EXO2,LP1_2025-07-16 09:12_3.437_pH_4,LongPond_profiles_2025.xlsx_2025-07_LP1,89,2025-08-08
1480,LP1,2025-07-16T09:12:00Z,pH,3.462,6.2,pH,YSI_EXO2,LP1_2025-07-16 09:12_3.462_pH_4,LongPond_profiles_2025.xlsx_2025-07_LP1,90,2025-08-08
1481,LP1,2025-07-16T09:12:00Z,Turbidity FNU,3.437,2.54,FNU,YSI_EXO2,LP1_2025-07-16 09:12_3.437_TUR-FNU_4,LongPond_profiles_2025.xlsx_2025-07_LP1,91,2025-08-08
1482,LP1,2025-07-16T09:12:00Z,Turbidity FNU,3.462,4.06,FNU,YSI_EXO2,LP1_2025-07-16 09:12_3.462_TUR-FNU_4,LongPond_profiles_2025.xlsx_2025-07_LP1,92,2025-08-08
1483,LP1,2025-07-16T09:12:00Z,Blue Green Algae RFU,3.437,0.03,RFU,YSI_EXO2,LP1_2025-07-16 09:12_3.437_BGA-PC-RFU_4,LongPond_profiles_2025.xlsx_2025-07_LP1,93,2025-08-08
1484,LP1,2025-07-16T09:12:00Z,Blue Green Algae RFU,3.462,-0.11,RFU,YSI_EXO2,LP1_2025-07-16 09:12_3.462_BGA-PC-RFU_4,LongPond_profiles_2025.xlsx_2025-07_LP1,94,2025-08-08
1485,LP1,2025-07-16T09:12:00Z,Blue Green Algae,3.437,0.1,ug/L,YSI_EXO2,LP1_2025-07-16 09:12_3.437_BGA-PC_4,LongPond_profiles_2025.xlsx_2025-07_LP1,95,2025-08-08
1486,LP1,2025-07-16T09:12:00Z,Blue Green Algae,3.462,-0.04,ug/L,YSI_EXO2,LP1_2025-07-16 09:12_3.462_BGA-PC_4,LongPond_profiles_2025.xlsx_2025-07_LP1,96,2025-08-08
1487,LP1,2025-07-16T09:12:00Z,Chlorophyll RFU,3.437,0.42,RFU,YSI_EXO2,LP1_2025-07-16 09:12_3.437_Chl-RFU_4,LongPond_profiles_2025.xlsx_2025-07_LP1,97,2025-08-08
1488,LP1,2025-07-16T09:12:00Z,Chlorophyll RFU,3.462,0.44,RFU,YSI_EXO2,LP1_2025-07-16 09:12_3.462_Chl-RFU_4,LongPond_profiles_2025.xlsx_2025-07_LP1,98,2025-08-08
1489,LP1,2025-07-16T09:12:00Z,Chlorophyll,3.437,1.88,ug/L,YSI_EXO2,LP1_2025-07-16 09:12_3.437_Chl_4,LongPond_profiles_2025.xlsx_2025-07_LP1,99,2025-08-08
1490,LP1,2025-07-16T09:12:00Z,Chlorophyll,3.462,1.96,ug/L,YSI_EXO2,LP1_2025-07-16 09:12_3.462_Chl_4,LongPond_profiles_2025.xlsx_2025-07_LP1,100,2025-08-08
